image_path,stack_id,z_index,z_focus_index,defocus_index,z_current_um,z_focus_um,defocus_um,brenner_score,split
data/wbc_multifocus/0_0.jpg,0,0,6,-6,0.0,2.4000000000000004,-2.4000000000000004,5040698.714928335,train
data/wbc_multifocus/0_1.jpg,0,1,6,-5,0.4,2.4000000000000004,-2.0,4144225.6967175175,train
data/wbc_multifocus/0_2.jpg,0,2,6,-4,0.8,2.4000000000000004,-1.6,4777179.833206039,train
data/wbc_multifocus/0_3.jpg,0,3,6,-3,1.2000000000000002,2.4000000000000004,-1.2000000000000002,7540034.814499927,train
data/wbc_multifocus/0_4.jpg,0,4,6,-2,1.6,2.4000000000000004,-0.8,10757643.438659007,train
data/wbc_multifocus/0_5.jpg,0,5,6,-1,2.0,2.4000000000000004,-0.4,12290448.511311376,train
data/wbc_multifocus/0_6.jpg,0,6,6,0,2.4000000000000004,2.4000000000000004,0.0,12442910.787876269,train
data/wbc_multifocus/0_7.jpg,0,7,6,1,2.8000000000000003,2.4000000000000004,0.4,11243833.469612224,train
data/wbc_multifocus/0_8.jpg,0,8,6,2,3.2,2.4000000000000004,0.8,9838927.535270289,train
data/wbc_multifocus/0_9.jpg,0,9,6,3,3.6,2.4000000000000004,1.2000000000000002,8243513.095318071,train
data/wbc_multifocus/1_0.jpg,1,0,4,-4,0.0,1.6,-1.6,7818660.630806769,train
data/wbc_multifocus/1_1.jpg,1,1,4,-3,0.4,1.6,-1.2000000000000002,10272812.164705856,train
data/wbc_multifocus/1_2.jpg,1,2,4,-2,0.8,1.6,-0.8,12386479.43094462,train
data/wbc_multifocus/1_3.jpg,1,3,4,-1,1.2000000000000002,1.6,-0.4,13973764.005483057,train
data/wbc_multifocus/1_4.jpg,1,4,4,0,1.6,1.6,0.0,14500880.5140423,train
data/wbc_multifocus/1_5.jpg,1,5,4,1,2.0,1.6,0.4,13958296.376160627,train
data/wbc_multifocus/1_6.jpg,1,6,4,2,2.4000000000000004,1.6,0.8,12609615.790425476,train
data/wbc_multifocus/1_7.jpg,1,7,4,3,2.8000000000000003,1.6,1.2000000000000002,10829666.797213335,train
data/wbc_multifocus/1_8.jpg,1,8,4,4,3.2,1.6,1.6,9149684.574400628,train
data/wbc_multifocus/1_9.jpg,1,9,4,5,3.6,1.6,2.0,7542206.895224634,train
data/wbc_multifocus/10_0.jpg,10,0,6,-6,0.0,2.4000000000000004,-2.4000000000000004,3870668.5134438225,train
data/wbc_multifocus/10_1.jpg,10,1,6,-5,0.4,2.4000000000000004,-2.0,4264214.251873205,train
data/wbc_multifocus/10_2.jpg,10,2,6,-4,0.8,2.4000000000000004,-1.6,5174657.211090945,train
data/wbc_multifocus/10_3.jpg,10,3,6,-3,1.2000000000000002,2.4000000000000004,-1.2000000000000002,5910606.947231338,train
data/wbc_multifocus/10_4.jpg,10,4,6,-2,1.6,2.4000000000000004,-0.8,7790173.973455029,train
data/wbc_multifocus/10_5.jpg,10,5,6,-1,2.0,2.4000000000000004,-0.4,10753181.81633672,train
data/wbc_multifocus/10_6.jpg,10,6,6,0,2.4000000000000004,2.4000000000000004,0.0,12522600.315707088,train
data/wbc_multifocus/10_7.jpg,10,7,6,1,2.8000000000000003,2.4000000000000004,0.4,11102211.8786495,train
data/wbc_multifocus/10_8.jpg,10,8,6,2,3.2,2.4000000000000004,0.8,8597063.678958291,train
data/wbc_multifocus/10_9.jpg,10,9,6,3,3.6,2.4000000000000004,1.2000000000000002,6433211.311606037,train
data/wbc_multifocus/100_0.jpg,100,0,5,-5,0.0,2.0,-2.0,4254763.283772373,train
data/wbc_multifocus/100_1.jpg,100,1,5,-4,0.4,2.0,-1.6,4575711.043421316,train
data/wbc_multifocus/100_2.jpg,100,2,5,-3,0.8,2.0,-1.2000000000000002,5343372.147053797,train
data/wbc_multifocus/100_3.jpg,100,3,5,-2,1.2000000000000002,2.0,-0.8,7344830.166454069,train
data/wbc_multifocus/100_4.jpg,100,4,5,-1,1.6,2.0,-0.4,10357156.900879774,train
data/wbc_multifocus/100_5.jpg,100,5,5,0,2.0,2.0,0.0,12257511.239997894,train
data/wbc_multifocus/100_6.jpg,100,6,5,1,2.4000000000000004,2.0,0.4,12239400.540576585,train
data/wbc_multifocus/100_7.jpg,100,7,5,2,2.8000000000000003,2.0,0.8,10543819.84050265,train
data/wbc_multifocus/100_8.jpg,100,8,5,3,3.2,2.0,1.2000000000000002,8799381.56346653,train
data/wbc_multifocus/100_9.jpg,100,9,5,4,3.6,2.0,1.6,6741164.417868994,train
data/wbc_multifocus/11_0.jpg,11,0,6,-6,0.0,2.4000000000000004,-2.4000000000000004,7324679.358614658,train
data/wbc_multifocus/11_1.jpg,11,1,6,-5,0.4,2.4000000000000004,-2.0,8527751.57272119,train
data/wbc_multifocus/11_2.jpg,11,2,6,-4,0.8,2.4000000000000004,-1.6,8011472.740005654,train
data/wbc_multifocus/11_3.jpg,11,3,6,-3,1.2000000000000002,2.4000000000000004,-1.2000000000000002,8642927.64116073,train
data/wbc_multifocus/11_4.jpg,11,4,6,-2,1.6,2.4000000000000004,-0.8,11263029.686314657,train
data/wbc_multifocus/11_5.jpg,11,5,6,-1,2.0,2.4000000000000004,-0.4,13222886.607319023,train
data/wbc_multifocus/11_6.jpg,11,6,6,0,2.4000000000000004,2.4000000000000004,0.0,13641704.22611757,train
data/wbc_multifocus/11_7.jpg,11,7,6,1,2.8000000000000003,2.4000000000000004,0.4,12446517.834644958,train
data/wbc_multifocus/11_8.jpg,11,8,6,2,3.2,2.4000000000000004,0.8,10784050.857215375,train
data/wbc_multifocus/11_9.jpg,11,9,6,3,3.6,2.4000000000000004,1.2000000000000002,9050473.371241022,train
data/wbc_multifocus/12_0.jpg,12,0,5,-5,0.0,2.0,-2.0,3828433.006951304,train
data/wbc_multifocus/12_1.jpg,12,1,5,-4,0.4,2.0,-1.6,4310673.46055894,train
data/wbc_multifocus/12_2.jpg,12,2,5,-3,0.8,2.0,-1.2000000000000002,6229313.676645435,train
data/wbc_multifocus/12_3.jpg,12,3,5,-2,1.2000000000000002,2.0,-0.8,8979182.23244188,train
data/wbc_multifocus/12_4.jpg,12,4,5,-1,1.6,2.0,-0.4,11001993.03243747,train
data/wbc_multifocus/12_5.jpg,12,5,5,0,2.0,2.0,0.0,11548091.51780915,train
data/wbc_multifocus/12_6.jpg,12,6,5,1,2.4000000000000004,2.0,0.4,10955159.682095643,train
data/wbc_multifocus/12_7.jpg,12,7,5,2,2.8000000000000003,2.0,0.8,9650239.805631282,train
data/wbc_multifocus/12_8.jpg,12,8,5,3,3.2,2.0,1.2000000000000002,8131249.9823455475,train
data/wbc_multifocus/12_9.jpg,12,9,5,4,3.6,2.0,1.6,6857513.752241904,train
data/wbc_multifocus/13_0.jpg,13,0,5,-5,0.0,2.0,-2.0,4686008.335085932,val
data/wbc_multifocus/13_1.jpg,13,1,5,-4,0.4,2.0,-1.6,4902167.086529437,val
data/wbc_multifocus/13_2.jpg,13,2,5,-3,0.8,2.0,-1.2000000000000002,6562609.303436522,val
data/wbc_multifocus/13_3.jpg,13,3,5,-2,1.2000000000000002,2.0,-0.8,9219709.858336966,val
data/wbc_multifocus/13_4.jpg,13,4,5,-1,1.6,2.0,-0.4,11476289.438510563,val
data/wbc_multifocus/13_5.jpg,13,5,5,0,2.0,2.0,0.0,12343013.811460158,val
data/wbc_multifocus/13_6.jpg,13,6,5,1,2.4000000000000004,2.0,0.4,11956499.192429747,val
data/wbc_multifocus/13_7.jpg,13,7,5,2,2.8000000000000003,2.0,0.8,10726823.190673767,val
data/wbc_multifocus/13_8.jpg,13,8,5,3,3.2,2.0,1.2000000000000002,9110807.798026672,val
data/wbc_multifocus/13_9.jpg,13,9,5,4,3.6,2.0,1.6,7563606.834998865,val
data/wbc_multifocus/14_0.jpg,14,0,6,-6,0.0,2.4000000000000004,-2.4000000000000004,4553065.215780738,train
data/wbc_multifocus/14_1.jpg,14,1,6,-5,0.4,2.4000000000000004,-2.0,4580873.265934669,train
data/wbc_multifocus/14_2.jpg,14,2,6,-4,0.8,2.4000000000000004,-1.6,4525345.53973412,train
data/wbc_multifocus/14_3.jpg,14,3,6,-3,1.2000000000000002,2.4000000000000004,-1.2000000000000002,6458904.8401035955,train
data/wbc_multifocus/14_4.jpg,14,4,6,-2,1.6,2.4000000000000004,-0.8,11635603.862458363,train
data/wbc_multifocus/14_5.jpg,14,5,6,-1,2.0,2.4000000000000004,-0.4,15757258.338107497,train
data/wbc_multifocus/14_6.jpg,14,6,6,0,2.4000000000000004,2.4000000000000004,0.0,16814390.764960106,train
data/wbc_multifocus/14_7.jpg,14,7,6,1,2.8000000000000003,2.4000000000000004,0.4,15419320.864968998,train
data/wbc_multifocus/14_8.jpg,14,8,6,2,3.2,2.4000000000000004,0.8,13216835.36549557,train
data/wbc_multifocus/14_9.jpg,14,9,6,3,3.6,2.4000000000000004,1.2000000000000002,10708876.850712826,train
data/wbc_multifocus/15_0.jpg,15,0,5,-5,0.0,2.0,-2.0,5626691.781897783,test
data/wbc_multifocus/15_1.jpg,15,1,5,-4,0.4,2.0,-1.6,6578469.870078579,test
data/wbc_multifocus/15_2.jpg,15,2,5,-3,0.8,2.0,-1.2000000000000002,8412576.188049037,test
data/wbc_multifocus/15_3.jpg,15,3,5,-2,1.2000000000000002,2.0,-0.8,13500925.96139145,test
data/wbc_multifocus/15_4.jpg,15,4,5,-1,1.6,2.0,-0.4,18686497.25770084,test
data/wbc_multifocus/15_5.jpg,15,5,5,0,2.0,2.0,0.0,20690742.431949645,test
data/wbc_multifocus/15_6.jpg,15,6,5,1,2.4000000000000004,2.0,0.4,19751166.239541546,test
data/wbc_multifocus/15_7.jpg,15,7,5,2,2.8000000000000003,2.0,0.8,17056672.002289765,test
data/wbc_multifocus/15_8.jpg,15,8,5,3,3.2,2.0,1.2000000000000002,13985499.672625419,test
data/wbc_multifocus/15_9.jpg,15,9,5,4,3.6,2.0,1.6,10925586.651095485,test
data/wbc_multifocus/16_0.jpg,16,0,5,-5,0.0,2.0,-2.0,6553397.551902171,train
data/wbc_multifocus/16_1.jpg,16,1,5,-4,0.4,2.0,-1.6,9122052.827375485,train
data/wbc_multifocus/16_2.jpg,16,2,5,-3,0.8,2.0,-1.2000000000000002,10495644.034069393,train
data/wbc_multifocus/16_3.jpg,16,3,5,-2,1.2000000000000002,2.0,-0.8,11747195.820023704,train
data/wbc_multifocus/16_4.jpg,16,4,5,-1,1.6,2.0,-0.4,19190419.72669165,train
data/wbc_multifocus/16_5.jpg,16,5,5,0,2.0,2.0,0.0,22994012.97188525,train
data/wbc_multifocus/16_6.jpg,16,6,5,1,2.4000000000000004,2.0,0.4,21083456.798540194,train
data/wbc_multifocus/16_7.jpg,16,7,5,2,2.8000000000000003,2.0,0.8,16273125.50802999,train
data/wbc_multifocus/16_8.jpg,16,8,5,3,3.2,2.0,1.2000000000000002,12697557.35194436,train
data/wbc_multifocus/16_9.jpg,16,9,5,4,3.6,2.0,1.6,9339237.311139487,train
data/wbc_multifocus/17_0.jpg,17,0,5,-5,0.0,2.0,-2.0,6048846.020866949,train
data/wbc_multifocus/17_1.jpg,17,1,5,-4,0.4,2.0,-1.6,6632219.538632293,train
data/wbc_multifocus/17_2.jpg,17,2,5,-3,0.8,2.0,-1.2000000000000002,10273224.57259516,train
data/wbc_multifocus/17_3.jpg,17,3,5,-2,1.2000000000000002,2.0,-0.8,16183462.9057657,train
data/wbc_multifocus/17_4.jpg,17,4,5,-1,1.6,2.0,-0.4,20010780.8441525,train
data/wbc_multifocus/17_5.jpg,17,5,5,0,2.0,2.0,0.0,20698490.84285929,train
data/wbc_multifocus/17_6.jpg,17,6,5,1,2.4000000000000004,2.0,0.4,18837307.101542618,train
data/wbc_multifocus/17_7.jpg,17,7,5,2,2.8000000000000003,2.0,0.8,15935665.200306406,train
data/wbc_multifocus/17_8.jpg,17,8,5,3,3.2,2.0,1.2000000000000002,12949551.168423252,train
data/wbc_multifocus/17_9.jpg,17,9,5,4,3.6,2.0,1.6,10168748.283161743,train
data/wbc_multifocus/18_0.jpg,18,0,4,-4,0.0,1.6,-1.6,5805144.720316235,val
data/wbc_multifocus/18_1.jpg,18,1,4,-3,0.4,1.6,-1.2000000000000002,7349915.899508245,val
data/wbc_multifocus/18_2.jpg,18,2,4,-2,0.8,1.6,-0.8,12239503.65493105,val
data/wbc_multifocus/18_3.jpg,18,3,4,-1,1.2000000000000002,1.6,-0.4,17426214.61471765,val
data/wbc_multifocus/18_4.jpg,18,4,4,0,1.6,1.6,0.0,19217310.463392563,val
data/wbc_multifocus/18_5.jpg,18,5,4,1,2.0,1.6,0.4,18347257.85304703,val
data/wbc_multifocus/18_6.jpg,18,6,4,2,2.4000000000000004,1.6,0.8,16037147.082806125,val
data/wbc_multifocus/18_7.jpg,18,7,4,3,2.8000000000000003,1.6,1.2000000000000002,13358378.032944458,val
data/wbc_multifocus/18_8.jpg,18,8,4,4,3.2,1.6,1.6,10854982.596796403,val
data/wbc_multifocus/18_9.jpg,18,9,4,5,3.6,1.6,2.0,8523810.292640546,val
data/wbc_multifocus/19_0.jpg,19,0,7,-7,0.0,2.8000000000000003,-2.8000000000000003,3486514.375888298,test
data/wbc_multifocus/19_1.jpg,19,1,7,-6,0.4,2.8000000000000003,-2.4000000000000004,3911007.2170036756,test
data/wbc_multifocus/19_2.jpg,19,2,7,-5,0.8,2.8000000000000003,-2.0,4431526.105621908,test
data/wbc_multifocus/19_3.jpg,19,3,7,-4,1.2000000000000002,2.8000000000000003,-1.6,4558632.6295773005,test
data/wbc_multifocus/19_4.jpg,19,4,7,-3,1.6,2.8000000000000003,-1.2000000000000002,6002214.0338913,test
data/wbc_multifocus/19_5.jpg,19,5,7,-2,2.0,2.8000000000000003,-0.8,10376201.403711224,test
data/wbc_multifocus/19_6.jpg,19,6,7,-1,2.4000000000000004,2.8000000000000003,-0.4,14379576.890233403,test
data/wbc_multifocus/19_7.jpg,19,7,7,0,2.8000000000000003,2.8000000000000003,0.0,15675814.969111085,test
data/wbc_multifocus/19_8.jpg,19,8,7,1,3.2,2.8000000000000003,0.4,14518707.505430188,test
data/wbc_multifocus/19_9.jpg,19,9,7,2,3.6,2.8000000000000003,0.8,12145237.601546995,test
data/wbc_multifocus/2_0.jpg,2,0,6,-6,0.0,2.4000000000000004,-2.4000000000000004,3983588.960638065,test
data/wbc_multifocus/2_1.jpg,2,1,6,-5,0.4,2.4000000000000004,-2.0,3517951.545004262,test
data/wbc_multifocus/2_2.jpg,2,2,6,-4,0.8,2.4000000000000004,-1.6,4201883.373018278,test
data/wbc_multifocus/2_3.jpg,2,3,6,-3,1.2000000000000002,2.4000000000000004,-1.2000000000000002,6826950.168912306,test
data/wbc_multifocus/2_4.jpg,2,4,6,-2,1.6,2.4000000000000004,-0.8,9733251.580761645,test
data/wbc_multifocus/2_5.jpg,2,5,6,-1,2.0,2.4000000000000004,-0.4,11740383.515342075,test
data/wbc_multifocus/2_6.jpg,2,6,6,0,2.4000000000000004,2.4000000000000004,0.0,12126982.441993777,test
data/wbc_multifocus/2_7.jpg,2,7,6,1,2.8000000000000003,2.4000000000000004,0.4,11593798.657499645,test
data/wbc_multifocus/2_8.jpg,2,8,6,2,3.2,2.4000000000000004,0.8,10338645.305530878,test
data/wbc_multifocus/2_9.jpg,2,9,6,3,3.6,2.4000000000000004,1.2000000000000002,8947929.075502614,test
data/wbc_multifocus/20_0.jpg,20,0,7,-7,0.0,2.8000000000000003,-2.8000000000000003,3107485.7715539257,test
data/wbc_multifocus/20_1.jpg,20,1,7,-6,0.4,2.8000000000000003,-2.4000000000000004,3588385.648756402,test
data/wbc_multifocus/20_2.jpg,20,2,7,-5,0.8,2.8000000000000003,-2.0,4118892.0526224896,test
data/wbc_multifocus/20_3.jpg,20,3,7,-4,1.2000000000000002,2.8000000000000003,-1.6,5006556.640143178,test
data/wbc_multifocus/20_4.jpg,20,4,7,-3,1.6,2.8000000000000003,-1.2000000000000002,7635559.2338455515,test
data/wbc_multifocus/20_5.jpg,20,5,7,-2,2.0,2.8000000000000003,-0.8,11501580.027826479,test
data/wbc_multifocus/20_6.jpg,20,6,7,-1,2.4000000000000004,2.8000000000000003,-0.4,14642448.21999347,test
data/wbc_multifocus/20_7.jpg,20,7,7,0,2.8000000000000003,2.8000000000000003,0.0,15660447.731328133,test
data/wbc_multifocus/20_8.jpg,20,8,7,1,3.2,2.8000000000000003,0.4,14723131.09669619,test
data/wbc_multifocus/20_9.jpg,20,9,7,2,3.6,2.8000000000000003,0.8,12583487.78101712,test
data/wbc_multifocus/21_0.jpg,21,0,6,-6,0.0,2.4000000000000004,-2.4000000000000004,4697091.909778052,train
data/wbc_multifocus/21_1.jpg,21,1,6,-5,0.4,2.4000000000000004,-2.0,5364439.185923858,train
data/wbc_multifocus/21_2.jpg,21,2,6,-4,0.8,2.4000000000000004,-1.6,5406946.570157591,train
data/wbc_multifocus/21_3.jpg,21,3,6,-3,1.2000000000000002,2.4000000000000004,-1.2000000000000002,6690769.936920612,train
data/wbc_multifocus/21_4.jpg,21,4,6,-2,1.6,2.4000000000000004,-0.8,11713519.062087245,train
data/wbc_multifocus/21_5.jpg,21,5,6,-1,2.0,2.4000000000000004,-0.4,17172846.55704406,train
data/wbc_multifocus/21_6.jpg,21,6,6,0,2.4000000000000004,2.4000000000000004,0.0,19302236.07331177,train
data/wbc_multifocus/21_7.jpg,21,7,6,1,2.8000000000000003,2.4000000000000004,0.4,18268314.510444418,train
data/wbc_multifocus/21_8.jpg,21,8,6,2,3.2,2.4000000000000004,0.8,15696567.276791805,train
data/wbc_multifocus/21_9.jpg,21,9,6,3,3.6,2.4000000000000004,1.2000000000000002,12867483.40143143,train
data/wbc_multifocus/22_0.jpg,22,0,5,-5,0.0,2.0,-2.0,6149403.891765028,train
data/wbc_multifocus/22_1.jpg,22,1,5,-4,0.4,2.0,-1.6,6775920.290670404,train
data/wbc_multifocus/22_2.jpg,22,2,5,-3,0.8,2.0,-1.2000000000000002,9042208.843265459,train
data/wbc_multifocus/22_3.jpg,22,3,5,-2,1.2000000000000002,2.0,-0.8,15020141.600815412,train
data/wbc_multifocus/22_4.jpg,22,4,5,-1,1.6,2.0,-0.4,19815933.25362403,train
data/wbc_multifocus/22_5.jpg,22,5,5,0,2.0,2.0,0.0,21574256.38798105,train
data/wbc_multifocus/22_6.jpg,22,6,5,1,2.4000000000000004,2.0,0.4,20266764.747717664,train
data/wbc_multifocus/22_7.jpg,22,7,5,2,2.8000000000000003,2.0,0.8,17608997.335279945,train
data/wbc_multifocus/22_8.jpg,22,8,5,3,3.2,2.0,1.2000000000000002,14137923.623223685,train
data/wbc_multifocus/22_9.jpg,22,9,5,4,3.6,2.0,1.6,11297439.159512054,train
data/wbc_multifocus/23_0.jpg,23,0,5,-5,0.0,2.0,-2.0,6501881.234481523,train
data/wbc_multifocus/23_1.jpg,23,1,5,-4,0.4,2.0,-1.6,6891912.912734736,train
data/wbc_multifocus/23_2.jpg,23,2,5,-3,0.8,2.0,-1.2000000000000002,7762549.064302342,train
data/wbc_multifocus/23_3.jpg,23,3,5,-2,1.2000000000000002,2.0,-0.8,11535645.05477628,train
data/wbc_multifocus/23_4.jpg,23,4,5,-1,1.6,2.0,-0.4,14723159.105360303,train
data/wbc_multifocus/23_5.jpg,23,5,5,0,2.0,2.0,0.0,15116322.794468515,train
data/wbc_multifocus/23_6.jpg,23,6,5,1,2.4000000000000004,2.0,0.4,13782470.382922612,train
data/wbc_multifocus/23_7.jpg,23,7,5,2,2.8000000000000003,2.0,0.8,11899454.704903107,train
data/wbc_multifocus/23_8.jpg,23,8,5,3,3.2,2.0,1.2000000000000002,10089201.43279357,train
data/wbc_multifocus/23_9.jpg,23,9,5,4,3.6,2.0,1.6,8479354.437765647,train
data/wbc_multifocus/24_0.jpg,24,0,4,-4,0.0,1.6,-1.6,3399740.484553317,train
data/wbc_multifocus/24_1.jpg,24,1,4,-3,0.4,1.6,-1.2000000000000002,4384890.942752652,train
data/wbc_multifocus/24_2.jpg,24,2,4,-2,0.8,1.6,-0.8,6992027.159251904,train
data/wbc_multifocus/24_3.jpg,24,3,4,-1,1.2000000000000002,1.6,-0.4,9591482.833593816,train
data/wbc_multifocus/24_4.jpg,24,4,4,0,1.6,1.6,0.0,10515647.863949766,train
data/wbc_multifocus/24_5.jpg,24,5,4,1,2.0,1.6,0.4,9775145.754831588,train
data/wbc_multifocus/24_6.jpg,24,6,4,2,2.4000000000000004,1.6,0.8,8437139.162221346,train
data/wbc_multifocus/24_7.jpg,24,7,4,3,2.8000000000000003,1.6,1.2000000000000002,6975909.754365966,train
data/wbc_multifocus/24_8.jpg,24,8,4,4,3.2,1.6,1.6,5676869.900125202,train
data/wbc_multifocus/24_9.jpg,24,9,4,5,3.6,1.6,2.0,4585270.855616774,train
data/wbc_multifocus/25_0.jpg,25,0,5,-5,0.0,2.0,-2.0,4357106.047995985,val
data/wbc_multifocus/25_1.jpg,25,1,5,-4,0.4,2.0,-1.6,4080783.2048290228,val
data/wbc_multifocus/25_2.jpg,25,2,5,-3,0.8,2.0,-1.2000000000000002,5274181.962243442,val
data/wbc_multifocus/25_3.jpg,25,3,5,-2,1.2000000000000002,2.0,-0.8,9209991.020349324,val
data/wbc_multifocus/25_4.jpg,25,4,5,-1,1.6,2.0,-0.4,12068032.992216643,val
data/wbc_multifocus/25_5.jpg,25,5,5,0,2.0,2.0,0.0,12796577.605358701,val
data/wbc_multifocus/25_6.jpg,25,6,5,1,2.4000000000000004,2.0,0.4,11622548.820855392,val
data/wbc_multifocus/25_7.jpg,25,7,5,2,2.8000000000000003,2.0,0.8,10047295.51125601,val
data/wbc_multifocus/25_8.jpg,25,8,5,3,3.2,2.0,1.2000000000000002,8202706.857490512,val
data/wbc_multifocus/25_9.jpg,25,9,5,4,3.6,2.0,1.6,6543722.4243231,val
data/wbc_multifocus/26_0.jpg,26,0,5,-5,0.0,2.0,-2.0,4056203.081314088,train
data/wbc_multifocus/26_1.jpg,26,1,5,-4,0.4,2.0,-1.6,4270348.828798268,train
data/wbc_multifocus/26_2.jpg,26,2,5,-3,0.8,2.0,-1.2000000000000002,5495599.977511634,train
data/wbc_multifocus/26_3.jpg,26,3,5,-2,1.2000000000000002,2.0,-0.8,9076784.14238411,train
data/wbc_multifocus/26_4.jpg,26,4,5,-1,1.6,2.0,-0.4,11464557.74462397,train
data/wbc_multifocus/26_5.jpg,26,5,5,0,2.0,2.0,0.0,11968030.472343486,train
data/wbc_multifocus/26_6.jpg,26,6,5,1,2.4000000000000004,2.0,0.4,10626163.873680647,train
data/wbc_multifocus/26_7.jpg,26,7,5,2,2.8000000000000003,2.0,0.8,8834474.767614089,train
data/wbc_multifocus/26_8.jpg,26,8,5,3,3.2,2.0,1.2000000000000002,6887774.510469634,train
data/wbc_multifocus/26_9.jpg,26,9,5,4,3.6,2.0,1.6,5280038.908600428,train
data/wbc_multifocus/27_0.jpg,27,0,5,-5,0.0,2.0,-2.0,4663370.473267922,train
data/wbc_multifocus/27_1.jpg,27,1,5,-4,0.4,2.0,-1.6,5062018.9327171,train
data/wbc_multifocus/27_2.jpg,27,2,5,-3,0.8,2.0,-1.2000000000000002,8227529.686909246,train
data/wbc_multifocus/27_3.jpg,27,3,5,-2,1.2000000000000002,2.0,-0.8,12621697.774635911,train
data/wbc_multifocus/27_4.jpg,27,4,5,-1,1.6,2.0,-0.4,16060423.329002969,train
data/wbc_multifocus/27_5.jpg,27,5,5,0,2.0,2.0,0.0,17114580.718344443,train
data/wbc_multifocus/27_6.jpg,27,6,5,1,2.4000000000000004,2.0,0.4,15846249.210356528,train
data/wbc_multifocus/27_7.jpg,27,7,5,2,2.8000000000000003,2.0,0.8,13536375.351703297,train
data/wbc_multifocus/27_8.jpg,27,8,5,3,3.2,2.0,1.2000000000000002,10742373.717557078,train
data/wbc_multifocus/27_9.jpg,27,9,5,4,3.6,2.0,1.6,8433728.580520699,train
data/wbc_multifocus/28_0.jpg,28,0,6,-6,0.0,2.4000000000000004,-2.4000000000000004,4476720.328498693,val
data/wbc_multifocus/28_1.jpg,28,1,6,-5,0.4,2.4000000000000004,-2.0,4835873.918218813,val
data/wbc_multifocus/28_2.jpg,28,2,6,-4,0.8,2.4000000000000004,-1.6,5554275.087671627,val
data/wbc_multifocus/28_3.jpg,28,3,6,-3,1.2000000000000002,2.4000000000000004,-1.2000000000000002,8046899.576157881,val
data/wbc_multifocus/28_4.jpg,28,4,6,-2,1.6,2.4000000000000004,-0.8,13458261.207047665,val
data/wbc_multifocus/28_5.jpg,28,5,6,-1,2.0,2.4000000000000004,-0.4,18091472.95942387,val
data/wbc_multifocus/28_6.jpg,28,6,6,0,2.4000000000000004,2.4000000000000004,0.0,20440450.33910355,val
data/wbc_multifocus/28_7.jpg,28,7,6,1,2.8000000000000003,2.4000000000000004,0.4,19965037.620091233,val
data/wbc_multifocus/28_8.jpg,28,8,6,2,3.2,2.4000000000000004,0.8,17669601.4036205,val
data/wbc_multifocus/28_9.jpg,28,9,6,3,3.6,2.4000000000000004,1.2000000000000002,14758113.499729356,val
data/wbc_multifocus/29_0.jpg,29,0,5,-5,0.0,2.0,-2.0,4441946.076133548,train
data/wbc_multifocus/29_1.jpg,29,1,5,-4,0.4,2.0,-1.6,4811366.832392625,train
data/wbc_multifocus/29_2.jpg,29,2,5,-3,0.8,2.0,-1.2000000000000002,7174981.009747145,train
data/wbc_multifocus/29_3.jpg,29,3,5,-2,1.2000000000000002,2.0,-0.8,10490821.465597086,train
data/wbc_multifocus/29_4.jpg,29,4,5,-1,1.6,2.0,-0.4,13641303.65702328,train
data/wbc_multifocus/29_5.jpg,29,5,5,0,2.0,2.0,0.0,14977037.968019705,train
data/wbc_multifocus/29_6.jpg,29,6,5,1,2.4000000000000004,2.0,0.4,14527542.348924164,train
data/wbc_multifocus/29_7.jpg,29,7,5,2,2.8000000000000003,2.0,0.8,13256812.369360687,train
data/wbc_multifocus/29_8.jpg,29,8,5,3,3.2,2.0,1.2000000000000002,11465144.887376985,train
data/wbc_multifocus/29_9.jpg,29,9,5,4,3.6,2.0,1.6,9700189.47631814,train
data/wbc_multifocus/3_0.jpg,3,0,6,-6,0.0,2.4000000000000004,-2.4000000000000004,4377709.358151282,train
data/wbc_multifocus/3_1.jpg,3,1,6,-5,0.4,2.4000000000000004,-2.0,4381366.823580813,train
data/wbc_multifocus/3_2.jpg,3,2,6,-4,0.8,2.4000000000000004,-1.6,6293057.916013256,train
data/wbc_multifocus/3_3.jpg,3,3,6,-3,1.2000000000000002,2.4000000000000004,-1.2000000000000002,9398014.0458374,train
data/wbc_multifocus/3_4.jpg,3,4,6,-2,1.6,2.4000000000000004,-0.8,11994302.131013498,train
data/wbc_multifocus/3_5.jpg,3,5,6,-1,2.0,2.4000000000000004,-0.4,13447077.181082767,train
data/wbc_multifocus/3_6.jpg,3,6,6,0,2.4000000000000004,2.4000000000000004,0.0,13499127.874964744,train
data/wbc_multifocus/3_7.jpg,3,7,6,1,2.8000000000000003,2.4000000000000004,0.4,12783678.62203136,train
data/wbc_multifocus/3_8.jpg,3,8,6,2,3.2,2.4000000000000004,0.8,11409302.212479085,train
data/wbc_multifocus/3_9.jpg,3,9,6,3,3.6,2.4000000000000004,1.2000000000000002,9954052.642076183,train
data/wbc_multifocus/30_0.jpg,30,0,7,-7,0.0,2.8000000000000003,-2.8000000000000003,6164702.8913557995,train
data/wbc_multifocus/30_1.jpg,30,1,7,-6,0.4,2.8000000000000003,-2.4000000000000004,5484392.247391114,train
data/wbc_multifocus/30_2.jpg,30,2,7,-5,0.8,2.8000000000000003,-2.0,6288989.507031372,train
data/wbc_multifocus/30_3.jpg,30,3,7,-4,1.2000000000000002,2.8000000000000003,-1.6,7933449.070193848,train
data/wbc_multifocus/30_4.jpg,30,4,7,-3,1.6,2.8000000000000003,-1.2000000000000002,10198651.73699427,train
data/wbc_multifocus/30_5.jpg,30,5,7,-2,2.0,2.8000000000000003,-0.8,12371065.650318677,train
data/wbc_multifocus/30_6.jpg,30,6,7,-1,2.4000000000000004,2.8000000000000003,-0.4,13709555.088245729,train
data/wbc_multifocus/30_7.jpg,30,7,7,0,2.8000000000000003,2.8000000000000003,0.0,13758962.89303783,train
data/wbc_multifocus/30_8.jpg,30,8,7,1,3.2,2.8000000000000003,0.4,12865085.890146201,train
data/wbc_multifocus/30_9.jpg,30,9,7,2,3.6,2.8000000000000003,0.8,11652952.727501793,train
data/wbc_multifocus/31_0.jpg,31,0,6,-6,0.0,2.4000000000000004,-2.4000000000000004,7096586.802924231,train
data/wbc_multifocus/31_1.jpg,31,1,6,-5,0.4,2.4000000000000004,-2.0,6001367.654665335,train
data/wbc_multifocus/31_2.jpg,31,2,6,-4,0.8,2.4000000000000004,-1.6,7113541.473326089,train
data/wbc_multifocus/31_3.jpg,31,3,6,-3,1.2000000000000002,2.4000000000000004,-1.2000000000000002,8826998.56171886,train
data/wbc_multifocus/31_4.jpg,31,4,6,-2,1.6,2.4000000000000004,-0.8,10991991.442373585,train
data/wbc_multifocus/31_5.jpg,31,5,6,-1,2.0,2.4000000000000004,-0.4,12886626.41628066,train
data/wbc_multifocus/31_6.jpg,31,6,6,0,2.4000000000000004,2.4000000000000004,0.0,13663216.034086796,train
data/wbc_multifocus/31_7.jpg,31,7,6,1,2.8000000000000003,2.4000000000000004,0.4,13164974.594738288,train
data/wbc_multifocus/31_8.jpg,31,8,6,2,3.2,2.4000000000000004,0.8,11965615.989929598,train
data/wbc_multifocus/31_9.jpg,31,9,6,3,3.6,2.4000000000000004,1.2000000000000002,10654169.872239543,train
data/wbc_multifocus/32_0.jpg,32,0,6,-6,0.0,2.4000000000000004,-2.4000000000000004,3925424.9943048307,train
data/wbc_multifocus/32_1.jpg,32,1,6,-5,0.4,2.4000000000000004,-2.0,3929933.1427382273,train
data/wbc_multifocus/32_2.jpg,32,2,6,-4,0.8,2.4000000000000004,-1.6,4451578.099346967,train
data/wbc_multifocus/32_3.jpg,32,3,6,-3,1.2000000000000002,2.4000000000000004,-1.2000000000000002,6724669.817829594,train
data/wbc_multifocus/32_4.jpg,32,4,6,-2,1.6,2.4000000000000004,-0.8,9651992.71487698,train
data/wbc_multifocus/32_5.jpg,32,5,6,-1,2.0,2.4000000000000004,-0.4,11691859.549028344,train
data/wbc_multifocus/32_6.jpg,32,6,6,0,2.4000000000000004,2.4000000000000004,0.0,12302544.774953457,train
data/wbc_multifocus/32_7.jpg,32,7,6,1,2.8000000000000003,2.4000000000000004,0.4,11646168.397381548,train
data/wbc_multifocus/32_8.jpg,32,8,6,2,3.2,2.4000000000000004,0.8,10465018.641596176,train
data/wbc_multifocus/32_9.jpg,32,9,6,3,3.6,2.4000000000000004,1.2000000000000002,9038739.019194286,train
data/wbc_multifocus/33_0.jpg,33,0,5,-5,0.0,2.0,-2.0,4503212.086396793,train
data/wbc_multifocus/33_1.jpg,33,1,5,-4,0.4,2.0,-1.6,5628039.452842349,train
data/wbc_multifocus/33_2.jpg,33,2,5,-3,0.8,2.0,-1.2000000000000002,8734979.057502048,train
data/wbc_multifocus/33_3.jpg,33,3,5,-2,1.2000000000000002,2.0,-0.8,12472840.709461302,train
data/wbc_multifocus/33_4.jpg,33,4,5,-1,1.6,2.0,-0.4,14826289.21581119,train
data/wbc_multifocus/33_5.jpg,33,5,5,0,2.0,2.0,0.0,15291184.022580607,train
data/wbc_multifocus/33_6.jpg,33,6,5,1,2.4000000000000004,2.0,0.4,14444918.735627005,train
data/wbc_multifocus/33_7.jpg,33,7,5,2,2.8000000000000003,2.0,0.8,12858054.505818635,train
data/wbc_multifocus/33_8.jpg,33,8,5,3,3.2,2.0,1.2000000000000002,11111881.600530729,train
data/wbc_multifocus/33_9.jpg,33,9,5,4,3.6,2.0,1.6,9314811.437486218,train
data/wbc_multifocus/34_0.jpg,34,0,6,-6,0.0,2.4000000000000004,-2.4000000000000004,4402459.254748978,train
data/wbc_multifocus/34_1.jpg,34,1,6,-5,0.4,2.4000000000000004,-2.0,4325380.888502792,train
data/wbc_multifocus/34_2.jpg,34,2,6,-4,0.8,2.4000000000000004,-1.6,5698284.747075826,train
data/wbc_multifocus/34_3.jpg,34,3,6,-3,1.2000000000000002,2.4000000000000004,-1.2000000000000002,9104418.423225738,train
data/wbc_multifocus/34_4.jpg,34,4,6,-2,1.6,2.4000000000000004,-0.8,13200400.588488724,train
data/wbc_multifocus/34_5.jpg,34,5,6,-1,2.0,2.4000000000000004,-0.4,16084643.169893982,train
data/wbc_multifocus/34_6.jpg,34,6,6,0,2.4000000000000004,2.4000000000000004,0.0,16487098.494675972,train
data/wbc_multifocus/34_7.jpg,34,7,6,1,2.8000000000000003,2.4000000000000004,0.4,15238912.073095795,train
data/wbc_multifocus/34_8.jpg,34,8,6,2,3.2,2.4000000000000004,0.8,13273636.651365766,train
data/wbc_multifocus/34_9.jpg,34,9,6,3,3.6,2.4000000000000004,1.2000000000000002,11116742.308078732,train
data/wbc_multifocus/35_0.jpg,35,0,9,-9,0.0,3.6,-3.6,2786850.227307707,train
data/wbc_multifocus/35_1.jpg,35,1,9,-8,0.4,3.6,-3.2,3098685.649793669,train
data/wbc_multifocus/35_2.jpg,35,2,9,-7,0.8,3.6,-2.8000000000000003,3490312.4391906075,train
data/wbc_multifocus/35_3.jpg,35,3,9,-6,1.2000000000000002,3.6,-2.4000000000000004,3935904.4533078256,train
data/wbc_multifocus/35_4.jpg,35,4,9,-5,1.6,3.6,-2.0,3655939.3914200775,train
data/wbc_multifocus/35_5.jpg,35,5,9,-4,2.0,3.6,-1.6,3204120.276397721,train
data/wbc_multifocus/35_6.jpg,35,6,9,-3,2.4000000000000004,3.6,-1.2000000000000002,3600788.123846994,train
data/wbc_multifocus/35_7.jpg,35,7,9,-2,2.8000000000000003,3.6,-0.8,5018218.7584916,train
data/wbc_multifocus/35_8.jpg,35,8,9,-1,3.2,3.6,-0.4,6204286.877275984,train
data/wbc_multifocus/35_9.jpg,35,9,9,0,3.6,3.6,0.0,6478279.495603563,train
data/wbc_multifocus/36_0.jpg,36,0,7,-7,0.0,2.8000000000000003,-2.8000000000000003,7048372.5047016945,train
data/wbc_multifocus/36_1.jpg,36,1,7,-6,0.4,2.8000000000000003,-2.4000000000000004,9543487.086770788,train
data/wbc_multifocus/36_2.jpg,36,2,7,-5,0.8,2.8000000000000003,-2.0,11514556.191192824,train
data/wbc_multifocus/36_3.jpg,36,3,7,-4,1.2000000000000002,2.8000000000000003,-1.6,9143202.867472552,train
data/wbc_multifocus/36_4.jpg,36,4,7,-3,1.6,2.8000000000000003,-1.2000000000000002,8570974.76959426,train
data/wbc_multifocus/36_5.jpg,36,5,7,-2,2.0,2.8000000000000003,-0.8,12856290.669015337,train
data/wbc_multifocus/36_6.jpg,36,6,7,-1,2.4000000000000004,2.8000000000000003,-0.4,17154811.848151855,train
data/wbc_multifocus/36_7.jpg,36,7,7,0,2.8000000000000003,2.8000000000000003,0.0,18849585.587076455,train
data/wbc_multifocus/36_8.jpg,36,8,7,1,3.2,2.8000000000000003,0.4,17584908.23508893,train
data/wbc_multifocus/36_9.jpg,36,9,7,2,3.6,2.8000000000000003,0.8,14929466.010347655,train
data/wbc_multifocus/37_0.jpg,37,0,6,-6,0.0,2.4000000000000004,-2.4000000000000004,10156245.285178816,train
data/wbc_multifocus/37_1.jpg,37,1,6,-5,0.4,2.4000000000000004,-2.0,9956261.046603069,train
data/wbc_multifocus/37_2.jpg,37,2,6,-4,0.8,2.4000000000000004,-1.6,10676304.928751558,train
data/wbc_multifocus/37_3.jpg,37,3,6,-3,1.2000000000000002,2.4000000000000004,-1.2000000000000002,9588156.795631096,train
data/wbc_multifocus/37_4.jpg,37,4,6,-2,1.6,2.4000000000000004,-0.8,12301509.351369886,train
data/wbc_multifocus/37_5.jpg,37,5,6,-1,2.0,2.4000000000000004,-0.4,14157735.26918396,train
data/wbc_multifocus/37_6.jpg,37,6,6,0,2.4000000000000004,2.4000000000000004,0.0,14994160.676238902,train
data/wbc_multifocus/37_7.jpg,37,7,6,1,2.8000000000000003,2.4000000000000004,0.4,14434083.52171494,train
data/wbc_multifocus/37_8.jpg,37,8,6,2,3.2,2.4000000000000004,0.8,10496595.491267595,train
data/wbc_multifocus/37_9.jpg,37,9,6,3,3.6,2.4000000000000004,1.2000000000000002,11430334.848033007,train
data/wbc_multifocus/38_0.jpg,38,0,6,-6,0.0,2.4000000000000004,-2.4000000000000004,4252609.998328689,train
data/wbc_multifocus/38_1.jpg,38,1,6,-5,0.4,2.4000000000000004,-2.0,4265898.804916813,train
data/wbc_multifocus/38_2.jpg,38,2,6,-4,0.8,2.4000000000000004,-1.6,5706915.870229845,train
data/wbc_multifocus/38_3.jpg,38,3,6,-3,1.2000000000000002,2.4000000000000004,-1.2000000000000002,8461709.594536558,train
data/wbc_multifocus/38_4.jpg,38,4,6,-2,1.6,2.4000000000000004,-0.8,12221474.434497735,train
data/wbc_multifocus/38_5.jpg,38,5,6,-1,2.0,2.4000000000000004,-0.4,14446398.181566415,train
data/wbc_multifocus/38_6.jpg,38,6,6,0,2.4000000000000004,2.4000000000000004,0.0,15165944.533133829,train
data/wbc_multifocus/38_7.jpg,38,7,6,1,2.8000000000000003,2.4000000000000004,0.4,14412578.717353908,train
data/wbc_multifocus/38_8.jpg,38,8,6,2,3.2,2.4000000000000004,0.8,12991821.549722739,train
data/wbc_multifocus/38_9.jpg,38,9,6,3,3.6,2.4000000000000004,1.2000000000000002,11336958.00154832,train
data/wbc_multifocus/39_0.jpg,39,0,5,-5,0.0,2.0,-2.0,4134730.750613248,train
data/wbc_multifocus/39_1.jpg,39,1,5,-4,0.4,2.0,-1.6,4144632.0375393145,train
data/wbc_multifocus/39_2.jpg,39,2,5,-3,0.8,2.0,-1.2000000000000002,6459232.364039667,train
data/wbc_multifocus/39_3.jpg,39,3,5,-2,1.2000000000000002,2.0,-0.8,10176560.655946495,train
data/wbc_multifocus/39_4.jpg,39,4,5,-1,1.6,2.0,-0.4,13239724.88910735,train
data/wbc_multifocus/39_5.jpg,39,5,5,0,2.0,2.0,0.0,14243947.25013592,train
data/wbc_multifocus/39_6.jpg,39,6,5,1,2.4000000000000004,2.0,0.4,13825283.731779214,train
data/wbc_multifocus/39_7.jpg,39,7,5,2,2.8000000000000003,2.0,0.8,12373944.133055896,train
data/wbc_multifocus/39_8.jpg,39,8,5,3,3.2,2.0,1.2000000000000002,10957506.73075313,train
data/wbc_multifocus/39_9.jpg,39,9,5,4,3.6,2.0,1.6,9333695.1377643,train
data/wbc_multifocus/4_0.jpg,4,0,4,-4,0.0,1.6,-1.6,4163821.199760445,val
data/wbc_multifocus/4_1.jpg,4,1,4,-3,0.4,1.6,-1.2000000000000002,4723413.9599098135,val
data/wbc_multifocus/4_2.jpg,4,2,4,-2,0.8,1.6,-0.8,6730140.760722914,val
data/wbc_multifocus/4_3.jpg,4,3,4,-1,1.2000000000000002,1.6,-0.4,9461044.826438757,val
data/wbc_multifocus/4_4.jpg,4,4,4,0,1.6,1.6,0.0,10802682.007417161,val
data/wbc_multifocus/4_5.jpg,4,5,4,1,2.0,1.6,0.4,10569301.639344824,val
data/wbc_multifocus/4_6.jpg,4,6,4,2,2.4000000000000004,1.6,0.8,9404551.73267661,val
data/wbc_multifocus/4_7.jpg,4,7,4,3,2.8000000000000003,1.6,1.2000000000000002,8162746.956895819,val
data/wbc_multifocus/4_8.jpg,4,8,4,4,3.2,1.6,1.6,6914576.637339988,val
data/wbc_multifocus/4_9.jpg,4,9,4,5,3.6,1.6,2.0,5791945.038218158,val
data/wbc_multifocus/40_0.jpg,40,0,6,-6,0.0,2.4000000000000004,-2.4000000000000004,5132877.337998844,test
data/wbc_multifocus/40_1.jpg,40,1,6,-5,0.4,2.4000000000000004,-2.0,4860609.280789116,test
data/wbc_multifocus/40_2.jpg,40,2,6,-4,0.8,2.4000000000000004,-1.6,4994078.054368483,test
data/wbc_multifocus/40_3.jpg,40,3,6,-3,1.2000000000000002,2.4000000000000004,-1.2000000000000002,5873078.525099541,test
data/wbc_multifocus/40_4.jpg,40,4,6,-2,1.6,2.4000000000000004,-0.8,8317677.294807059,test
data/wbc_multifocus/40_5.jpg,40,5,6,-1,2.0,2.4000000000000004,-0.4,12241527.87423161,test
data/wbc_multifocus/40_6.jpg,40,6,6,0,2.4000000000000004,2.4000000000000004,0.0,13816564.424525373,test
data/wbc_multifocus/40_7.jpg,40,7,6,1,2.8000000000000003,2.4000000000000004,0.4,12976642.104476579,test
data/wbc_multifocus/40_8.jpg,40,8,6,2,3.2,2.4000000000000004,0.8,10756955.808851149,test
data/wbc_multifocus/40_9.jpg,40,9,6,3,3.6,2.4000000000000004,1.2000000000000002,8836068.724976767,test
data/wbc_multifocus/41_0.jpg,41,0,4,-4,0.0,1.6,-1.6,5043864.663512439,train
data/wbc_multifocus/41_1.jpg,41,1,4,-3,0.4,1.6,-1.2000000000000002,5699912.147894153,train
data/wbc_multifocus/41_2.jpg,41,2,4,-2,0.8,1.6,-0.8,9250702.934148904,train
data/wbc_multifocus/41_3.jpg,41,3,4,-1,1.2000000000000002,1.6,-0.4,12256350.90694514,train
data/wbc_multifocus/41_4.jpg,41,4,4,0,1.6,1.6,0.0,13676225.626877306,train
data/wbc_multifocus/41_5.jpg,41,5,4,1,2.0,1.6,0.4,13073965.813223638,train
data/wbc_multifocus/41_6.jpg,41,6,4,2,2.4000000000000004,1.6,0.8,11767851.23557538,train
data/wbc_multifocus/41_7.jpg,41,7,4,3,2.8000000000000003,1.6,1.2000000000000002,10181659.296167545,train
data/wbc_multifocus/41_8.jpg,41,8,4,4,3.2,1.6,1.6,8636192.862245897,train
data/wbc_multifocus/41_9.jpg,41,9,4,5,3.6,1.6,2.0,7347112.565296607,train
data/wbc_multifocus/42_0.jpg,42,0,6,-6,0.0,2.4000000000000004,-2.4000000000000004,4126059.1592948064,train
data/wbc_multifocus/42_1.jpg,42,1,6,-5,0.4,2.4000000000000004,-2.0,3676085.4133837963,train
data/wbc_multifocus/42_2.jpg,42,2,6,-4,0.8,2.4000000000000004,-1.6,3624513.3409245424,train
data/wbc_multifocus/42_3.jpg,42,3,6,-3,1.2000000000000002,2.4000000000000004,-1.2000000000000002,5147271.940960513,train
data/wbc_multifocus/42_4.jpg,42,4,6,-2,1.6,2.4000000000000004,-0.8,8273722.73135237,train
data/wbc_multifocus/42_5.jpg,42,5,6,-1,2.0,2.4000000000000004,-0.4,10552916.977067346,train
data/wbc_multifocus/42_6.jpg,42,6,6,0,2.4000000000000004,2.4000000000000004,0.0,11689563.055107277,train
data/wbc_multifocus/42_7.jpg,42,7,6,1,2.8000000000000003,2.4000000000000004,0.4,11524821.836796746,train
data/wbc_multifocus/42_8.jpg,42,8,6,2,3.2,2.4000000000000004,0.8,10736248.658217764,train
data/wbc_multifocus/42_9.jpg,42,9,6,3,3.6,2.4000000000000004,1.2000000000000002,9539461.329538602,train
data/wbc_multifocus/43_0.jpg,43,0,6,-6,0.0,2.4000000000000004,-2.4000000000000004,4146608.769573839,train
data/wbc_multifocus/43_1.jpg,43,1,6,-5,0.4,2.4000000000000004,-2.0,3980386.395179718,train
data/wbc_multifocus/43_2.jpg,43,2,6,-4,0.8,2.4000000000000004,-1.6,5840469.212966535,train
data/wbc_multifocus/43_3.jpg,43,3,6,-3,1.2000000000000002,2.4000000000000004,-1.2000000000000002,7137075.534558831,train
data/wbc_multifocus/43_4.jpg,43,4,6,-2,1.6,2.4000000000000004,-0.8,10574982.127986174,train
data/wbc_multifocus/43_5.jpg,43,5,6,-1,2.0,2.4000000000000004,-0.4,13441126.30227362,train
data/wbc_multifocus/43_6.jpg,43,6,6,0,2.4000000000000004,2.4000000000000004,0.0,13919716.959055927,train
data/wbc_multifocus/43_7.jpg,43,7,6,1,2.8000000000000003,2.4000000000000004,0.4,13376172.258483548,train
data/wbc_multifocus/43_8.jpg,43,8,6,2,3.2,2.4000000000000004,0.8,12385115.893980369,train
data/wbc_multifocus/43_9.jpg,43,9,6,3,3.6,2.4000000000000004,1.2000000000000002,11226358.344357392,train
data/wbc_multifocus/44_0.jpg,44,0,5,-5,0.0,2.0,-2.0,3316283.503448112,train
data/wbc_multifocus/44_1.jpg,44,1,5,-4,0.4,2.0,-1.6,3472685.9352431083,train
data/wbc_multifocus/44_2.jpg,44,2,5,-3,0.8,2.0,-1.2000000000000002,5201009.853194082,train
data/wbc_multifocus/44_3.jpg,44,3,5,-2,1.2000000000000002,2.0,-0.8,7522747.266179086,train
data/wbc_multifocus/44_4.jpg,44,4,5,-1,1.6,2.0,-0.4,9952170.630741779,train
data/wbc_multifocus/44_5.jpg,44,5,5,0,2.0,2.0,0.0,11413815.772494894,train
data/wbc_multifocus/44_6.jpg,44,6,5,1,2.4000000000000004,2.0,0.4,9488686.20299826,train
data/wbc_multifocus/44_7.jpg,44,7,5,2,2.8000000000000003,2.0,0.8,10183140.878902763,train
data/wbc_multifocus/44_8.jpg,44,8,5,3,3.2,2.0,1.2000000000000002,9153477.043064049,train
data/wbc_multifocus/44_9.jpg,44,9,5,4,3.6,2.0,1.6,7966757.685723104,train
data/wbc_multifocus/45_0.jpg,45,0,7,-7,0.0,2.8000000000000003,-2.8000000000000003,3912768.567376312,val
data/wbc_multifocus/45_1.jpg,45,1,7,-6,0.4,2.8000000000000003,-2.4000000000000004,4001984.6252052523,val
data/wbc_multifocus/45_2.jpg,45,2,7,-5,0.8,2.8000000000000003,-2.0,3865294.5881728767,val
data/wbc_multifocus/45_3.jpg,45,3,7,-4,1.2000000000000002,2.8000000000000003,-1.6,4876388.227418646,val
data/wbc_multifocus/45_4.jpg,45,4,7,-3,1.6,2.8000000000000003,-1.2000000000000002,7105912.512575785,val
data/wbc_multifocus/45_5.jpg,45,5,7,-2,2.0,2.8000000000000003,-0.8,9193232.490518402,val
data/wbc_multifocus/45_6.jpg,45,6,7,-1,2.4000000000000004,2.8000000000000003,-0.4,10342876.421967346,val
data/wbc_multifocus/45_7.jpg,45,7,7,0,2.8000000000000003,2.8000000000000003,0.0,10482862.625399768,val
data/wbc_multifocus/45_8.jpg,45,8,7,1,3.2,2.8000000000000003,0.4,9757973.637386706,val
data/wbc_multifocus/45_9.jpg,45,9,7,2,3.6,2.8000000000000003,0.8,8730973.808356874,val
data/wbc_multifocus/46_0.jpg,46,0,6,-6,0.0,2.4000000000000004,-2.4000000000000004,4804249.613725971,train
data/wbc_multifocus/46_1.jpg,46,1,6,-5,0.4,2.4000000000000004,-2.0,4065881.4422264406,train
data/wbc_multifocus/46_2.jpg,46,2,6,-4,0.8,2.4000000000000004,-1.6,4976587.01668419,train
data/wbc_multifocus/46_3.jpg,46,3,6,-3,1.2000000000000002,2.4000000000000004,-1.2000000000000002,8023051.180180024,train
data/wbc_multifocus/46_4.jpg,46,4,6,-2,1.6,2.4000000000000004,-0.8,11135486.709389906,train
data/wbc_multifocus/46_5.jpg,46,5,6,-1,2.0,2.4000000000000004,-0.4,12651621.997717114,train
data/wbc_multifocus/46_6.jpg,46,6,6,0,2.4000000000000004,2.4000000000000004,0.0,12686783.864467502,train
data/wbc_multifocus/46_7.jpg,46,7,6,1,2.8000000000000003,2.4000000000000004,0.4,11578494.774488546,train
data/wbc_multifocus/46_8.jpg,46,8,6,2,3.2,2.4000000000000004,0.8,10009908.177067975,train
data/wbc_multifocus/46_9.jpg,46,9,6,3,3.6,2.4000000000000004,1.2000000000000002,8518486.497733627,train
data/wbc_multifocus/47_0.jpg,47,0,6,-6,0.0,2.4000000000000004,-2.4000000000000004,5246545.92601891,train
data/wbc_multifocus/47_1.jpg,47,1,6,-5,0.4,2.4000000000000004,-2.0,4994673.711699042,train
data/wbc_multifocus/47_2.jpg,47,2,6,-4,0.8,2.4000000000000004,-1.6,5421854.669427701,train
data/wbc_multifocus/47_3.jpg,47,3,6,-3,1.2000000000000002,2.4000000000000004,-1.2000000000000002,9167653.549097124,train
data/wbc_multifocus/47_4.jpg,47,4,6,-2,1.6,2.4000000000000004,-0.8,14151250.376393456,train
data/wbc_multifocus/47_5.jpg,47,5,6,-1,2.0,2.4000000000000004,-0.4,16850781.833611626,train
data/wbc_multifocus/47_6.jpg,47,6,6,0,2.4000000000000004,2.4000000000000004,0.0,18038488.84133849,train
data/wbc_multifocus/47_7.jpg,47,7,6,1,2.8000000000000003,2.4000000000000004,0.4,17134855.69708437,train
data/wbc_multifocus/47_8.jpg,47,8,6,2,3.2,2.4000000000000004,0.8,15346718.3214515,train
data/wbc_multifocus/47_9.jpg,47,9,6,3,3.6,2.4000000000000004,1.2000000000000002,13104607.370435242,train
data/wbc_multifocus/48_0.jpg,48,0,6,-6,0.0,2.4000000000000004,-2.4000000000000004,4265200.998312224,train
data/wbc_multifocus/48_1.jpg,48,1,6,-5,0.4,2.4000000000000004,-2.0,4418206.357773583,train
data/wbc_multifocus/48_2.jpg,48,2,6,-4,0.8,2.4000000000000004,-1.6,4846315.9354344485,train
data/wbc_multifocus/48_3.jpg,48,3,6,-3,1.2000000000000002,2.4000000000000004,-1.2000000000000002,5975855.481558895,train
data/wbc_multifocus/48_4.jpg,48,4,6,-2,1.6,2.4000000000000004,-0.8,7629597.194523448,train
data/wbc_multifocus/48_5.jpg,48,5,6,-1,2.0,2.4000000000000004,-0.4,9035785.227982495,train
data/wbc_multifocus/48_6.jpg,48,6,6,0,2.4000000000000004,2.4000000000000004,0.0,9796038.641613755,train
data/wbc_multifocus/48_7.jpg,48,7,6,1,2.8000000000000003,2.4000000000000004,0.4,9443956.73210381,train
data/wbc_multifocus/48_8.jpg,48,8,6,2,3.2,2.4000000000000004,0.8,8519291.206903003,train
data/wbc_multifocus/48_9.jpg,48,9,6,3,3.6,2.4000000000000004,1.2000000000000002,7343232.839502251,train
data/wbc_multifocus/49_0.jpg,49,0,3,-3,0.0,1.2000000000000002,-1.2000000000000002,8772094.191030588,train
data/wbc_multifocus/49_1.jpg,49,1,3,-2,0.4,1.2000000000000002,-0.8,10772897.525075972,train
data/wbc_multifocus/49_2.jpg,49,2,3,-1,0.8,1.2000000000000002,-0.4,14356528.064606704,train
data/wbc_multifocus/49_3.jpg,49,3,3,0,1.2000000000000002,1.2000000000000002,0.0,16419303.114500193,train
data/wbc_multifocus/49_4.jpg,49,4,3,1,1.6,1.2000000000000002,0.4,15904143.05676559,train
data/wbc_multifocus/49_5.jpg,49,5,3,2,2.0,1.2000000000000002,0.8,13859878.284037806,train
data/wbc_multifocus/49_6.jpg,49,6,3,3,2.4000000000000004,1.2000000000000002,1.2000000000000002,11442816.347157741,train
data/wbc_multifocus/49_7.jpg,49,7,3,4,2.8000000000000003,1.2000000000000002,1.6,9287314.697389936,train
data/wbc_multifocus/49_8.jpg,49,8,3,5,3.2,1.2000000000000002,2.0,7858503.547786128,train
data/wbc_multifocus/49_9.jpg,49,9,3,6,3.6,1.2000000000000002,2.4000000000000004,6657364.989532551,train
data/wbc_multifocus/5_0.jpg,5,0,6,-6,0.0,2.4000000000000004,-2.4000000000000004,5568689.723209761,train
data/wbc_multifocus/5_1.jpg,5,1,6,-5,0.4,2.4000000000000004,-2.0,5014920.247252749,train
data/wbc_multifocus/5_2.jpg,5,2,6,-4,0.8,2.4000000000000004,-1.6,5789835.447166415,train
data/wbc_multifocus/5_3.jpg,5,3,6,-3,1.2000000000000002,2.4000000000000004,-1.2000000000000002,9328479.134922259,train
data/wbc_multifocus/5_4.jpg,5,4,6,-2,1.6,2.4000000000000004,-0.8,13423411.455862693,train
data/wbc_multifocus/5_5.jpg,5,5,6,-1,2.0,2.4000000000000004,-0.4,15456453.980568191,train
data/wbc_multifocus/5_6.jpg,5,6,6,0,2.4000000000000004,2.4000000000000004,0.0,15552771.58178395,train
data/wbc_multifocus/5_7.jpg,5,7,6,1,2.8000000000000003,2.4000000000000004,0.4,14321144.138724886,train
data/wbc_multifocus/5_8.jpg,5,8,6,2,3.2,2.4000000000000004,0.8,12577552.149876066,train
data/wbc_multifocus/5_9.jpg,5,9,6,3,3.6,2.4000000000000004,1.2000000000000002,10674778.43162646,train
data/wbc_multifocus/50_0.jpg,50,0,6,-6,0.0,2.4000000000000004,-2.4000000000000004,4335307.395793119,val
data/wbc_multifocus/50_1.jpg,50,1,6,-5,0.4,2.4000000000000004,-2.0,4547137.497493003,val
data/wbc_multifocus/50_2.jpg,50,2,6,-4,0.8,2.4000000000000004,-1.6,4438588.4449765105,val
data/wbc_multifocus/50_3.jpg,50,3,6,-3,1.2000000000000002,2.4000000000000004,-1.2000000000000002,5472895.462923143,val
data/wbc_multifocus/50_4.jpg,50,4,6,-2,1.6,2.4000000000000004,-0.8,8405284.931546317,val
data/wbc_multifocus/50_5.jpg,50,5,6,-1,2.0,2.4000000000000004,-0.4,12103181.753691912,val
data/wbc_multifocus/50_6.jpg,50,6,6,0,2.4000000000000004,2.4000000000000004,0.0,13900272.788892383,val
data/wbc_multifocus/50_7.jpg,50,7,6,1,2.8000000000000003,2.4000000000000004,0.4,13733766.10596126,val
data/wbc_multifocus/50_8.jpg,50,8,6,2,3.2,2.4000000000000004,0.8,12102830.428297644,val
data/wbc_multifocus/50_9.jpg,50,9,6,3,3.6,2.4000000000000004,1.2000000000000002,10202324.089629654,val
data/wbc_multifocus/51_0.jpg,51,0,5,-5,0.0,2.0,-2.0,7211222.228235797,train
data/wbc_multifocus/51_1.jpg,51,1,5,-4,0.4,2.0,-1.6,7059603.342981014,train
data/wbc_multifocus/51_2.jpg,51,2,5,-3,0.8,2.0,-1.2000000000000002,7364058.6492304355,train
data/wbc_multifocus/51_3.jpg,51,3,5,-2,1.2000000000000002,2.0,-0.8,10819449.054562435,train
data/wbc_multifocus/51_4.jpg,51,4,5,-1,1.6,2.0,-0.4,15307151.585966917,train
data/wbc_multifocus/51_5.jpg,51,5,5,0,2.0,2.0,0.0,16733997.643763298,train
data/wbc_multifocus/51_6.jpg,51,6,5,1,2.4000000000000004,2.0,0.4,15008229.30785044,train
data/wbc_multifocus/51_7.jpg,51,7,5,2,2.8000000000000003,2.0,0.8,11829284.843858883,train
data/wbc_multifocus/51_8.jpg,51,8,5,3,3.2,2.0,1.2000000000000002,9292890.303642062,train
data/wbc_multifocus/51_9.jpg,51,9,5,4,3.6,2.0,1.6,7441826.254113562,train
data/wbc_multifocus/52_0.jpg,52,0,6,-6,0.0,2.4000000000000004,-2.4000000000000004,5084798.0891604815,train
data/wbc_multifocus/52_1.jpg,52,1,6,-5,0.4,2.4000000000000004,-2.0,5026699.415287543,train
data/wbc_multifocus/52_2.jpg,52,2,6,-4,0.8,2.4000000000000004,-1.6,3909917.5160704562,train
data/wbc_multifocus/52_3.jpg,52,3,6,-3,1.2000000000000002,2.4000000000000004,-1.2000000000000002,7496727.3335914975,train
data/wbc_multifocus/52_4.jpg,52,4,6,-2,1.6,2.4000000000000004,-0.8,11563261.35001162,train
data/wbc_multifocus/52_5.jpg,52,5,6,-1,2.0,2.4000000000000004,-0.4,14939732.923301907,train
data/wbc_multifocus/52_6.jpg,52,6,6,0,2.4000000000000004,2.4000000000000004,0.0,16173696.967229541,train
data/wbc_multifocus/52_7.jpg,52,7,6,1,2.8000000000000003,2.4000000000000004,0.4,15071630.036664147,train
data/wbc_multifocus/52_8.jpg,52,8,6,2,3.2,2.4000000000000004,0.8,12910833.753456542,train
data/wbc_multifocus/52_9.jpg,52,9,6,3,3.6,2.4000000000000004,1.2000000000000002,10573083.011578593,train
data/wbc_multifocus/53_0.jpg,53,0,7,-7,0.0,2.8000000000000003,-2.8000000000000003,4399791.143792079,train
data/wbc_multifocus/53_1.jpg,53,1,7,-6,0.4,2.8000000000000003,-2.4000000000000004,5096187.8822677005,train
data/wbc_multifocus/53_2.jpg,53,2,7,-5,0.8,2.8000000000000003,-2.0,3514938.9407867608,train
data/wbc_multifocus/53_3.jpg,53,3,7,-4,1.2000000000000002,2.8000000000000003,-1.6,5665422.44906481,train
data/wbc_multifocus/53_4.jpg,53,4,7,-3,1.6,2.8000000000000003,-1.2000000000000002,9474407.72215818,train
data/wbc_multifocus/53_5.jpg,53,5,7,-2,2.0,2.8000000000000003,-0.8,14055164.977621421,train
data/wbc_multifocus/53_6.jpg,53,6,7,-1,2.4000000000000004,2.8000000000000003,-0.4,17399526.02442573,train
data/wbc_multifocus/53_7.jpg,53,7,7,0,2.8000000000000003,2.8000000000000003,0.0,17875461.183948394,train
data/wbc_multifocus/53_8.jpg,53,8,7,1,3.2,2.8000000000000003,0.4,16408780.950992344,train
data/wbc_multifocus/53_9.jpg,53,9,7,2,3.6,2.8000000000000003,0.8,13912978.824685998,train
data/wbc_multifocus/54_0.jpg,54,0,4,-4,0.0,1.6,-1.6,3699319.939571269,train
data/wbc_multifocus/54_1.jpg,54,1,4,-3,0.4,1.6,-1.2000000000000002,4666489.143416484,train
data/wbc_multifocus/54_2.jpg,54,2,4,-2,0.8,1.6,-0.8,5332153.366805011,train
data/wbc_multifocus/54_3.jpg,54,3,4,-1,1.2000000000000002,1.6,-0.4,9720922.705919616,train
data/wbc_multifocus/54_4.jpg,54,4,4,0,1.6,1.6,0.0,11309984.16913412,train
data/wbc_multifocus/54_5.jpg,54,5,4,1,2.0,1.6,0.4,11271261.047576357,train
data/wbc_multifocus/54_6.jpg,54,6,4,2,2.4000000000000004,1.6,0.8,10255295.458855122,train
data/wbc_multifocus/54_7.jpg,54,7,4,3,2.8000000000000003,1.6,1.2000000000000002,8995150.806317542,train
data/wbc_multifocus/54_8.jpg,54,8,4,4,3.2,1.6,1.6,7693490.532939235,train
data/wbc_multifocus/54_9.jpg,54,9,4,5,3.6,1.6,2.0,6534773.506457265,train
data/wbc_multifocus/55_0.jpg,55,0,6,-6,0.0,2.4000000000000004,-2.4000000000000004,3430095.284726318,train
data/wbc_multifocus/55_1.jpg,55,1,6,-5,0.4,2.4000000000000004,-2.0,3674010.4099150505,train
data/wbc_multifocus/55_2.jpg,55,2,6,-4,0.8,2.4000000000000004,-1.6,3498154.474229929,train
data/wbc_multifocus/55_3.jpg,55,3,6,-3,1.2000000000000002,2.4000000000000004,-1.2000000000000002,4096103.669348429,train
data/wbc_multifocus/55_4.jpg,55,4,6,-2,1.6,2.4000000000000004,-0.8,6084061.744361397,train
data/wbc_multifocus/55_5.jpg,55,5,6,-1,2.0,2.4000000000000004,-0.4,9355011.314370777,train
data/wbc_multifocus/55_6.jpg,55,6,6,0,2.4000000000000004,2.4000000000000004,0.0,11085311.256716652,train
data/wbc_multifocus/55_7.jpg,55,7,6,1,2.8000000000000003,2.4000000000000004,0.4,10913382.000578724,train
data/wbc_multifocus/55_8.jpg,55,8,6,2,3.2,2.4000000000000004,0.8,9503808.547526628,train
data/wbc_multifocus/55_9.jpg,55,9,6,3,3.6,2.4000000000000004,1.2000000000000002,7834266.1072771195,train
data/wbc_multifocus/56_0.jpg,56,0,5,-5,0.0,2.0,-2.0,5818477.321362375,test
data/wbc_multifocus/56_1.jpg,56,1,5,-4,0.4,2.0,-1.6,5827436.021293235,test
data/wbc_multifocus/56_2.jpg,56,2,5,-3,0.8,2.0,-1.2000000000000002,6893081.55157493,test
data/wbc_multifocus/56_3.jpg,56,3,5,-2,1.2000000000000002,2.0,-0.8,11248387.660425503,test
data/wbc_multifocus/56_4.jpg,56,4,5,-1,1.6,2.0,-0.4,14439674.009094456,test
data/wbc_multifocus/56_5.jpg,56,5,5,0,2.0,2.0,0.0,15055356.801164325,test
data/wbc_multifocus/56_6.jpg,56,6,5,1,2.4000000000000004,2.0,0.4,13454746.316808432,test
data/wbc_multifocus/56_7.jpg,56,7,5,2,2.8000000000000003,2.0,0.8,11268678.998843089,test
data/wbc_multifocus/56_8.jpg,56,8,5,3,3.2,2.0,1.2000000000000002,8618006.373255178,test
data/wbc_multifocus/56_9.jpg,56,9,5,4,3.6,2.0,1.6,6608214.863860153,test
data/wbc_multifocus/57_0.jpg,57,0,5,-5,0.0,2.0,-2.0,4618671.5356025845,train
data/wbc_multifocus/57_1.jpg,57,1,5,-4,0.4,2.0,-1.6,5015936.034957664,train
data/wbc_multifocus/57_2.jpg,57,2,5,-3,0.8,2.0,-1.2000000000000002,6894851.89572403,train
data/wbc_multifocus/57_3.jpg,57,3,5,-2,1.2000000000000002,2.0,-0.8,10605170.527003765,train
data/wbc_multifocus/57_4.jpg,57,4,5,-1,1.6,2.0,-0.4,12856443.628713632,train
data/wbc_multifocus/57_5.jpg,57,5,5,0,2.0,2.0,0.0,13122168.437222907,train
data/wbc_multifocus/57_6.jpg,57,6,5,1,2.4000000000000004,2.0,0.4,11591560.829936638,train
data/wbc_multifocus/57_7.jpg,57,7,5,2,2.8000000000000003,2.0,0.8,9717393.662736243,train
data/wbc_multifocus/57_8.jpg,57,8,5,3,3.2,2.0,1.2000000000000002,7429280.824978622,train
data/wbc_multifocus/57_9.jpg,57,9,5,4,3.6,2.0,1.6,5663049.115592762,train
data/wbc_multifocus/58_0.jpg,58,0,8,-8,0.0,3.2,-3.2,4186289.1560314973,train
data/wbc_multifocus/58_1.jpg,58,1,8,-7,0.4,3.2,-2.8000000000000003,4180917.9034289056,train
data/wbc_multifocus/58_2.jpg,58,2,8,-6,0.8,3.2,-2.4000000000000004,4160174.3326573754,train
data/wbc_multifocus/58_3.jpg,58,3,8,-5,1.2000000000000002,3.2,-2.0,3929130.219696848,train
data/wbc_multifocus/58_4.jpg,58,4,8,-4,1.6,3.2,-1.6,4225049.54305212,train
data/wbc_multifocus/58_5.jpg,58,5,8,-3,2.0,3.2,-1.2000000000000002,6119035.457935015,train
data/wbc_multifocus/58_6.jpg,58,6,8,-2,2.4000000000000004,3.2,-0.8,6163713.686143234,train
data/wbc_multifocus/58_7.jpg,58,7,8,-1,2.8000000000000003,3.2,-0.4,11166693.920197198,train
data/wbc_multifocus/58_8.jpg,58,8,8,0,3.2,3.2,0.0,12016012.576037157,train
data/wbc_multifocus/58_9.jpg,58,9,8,1,3.6,3.2,0.4,11386731.520149058,train
data/wbc_multifocus/59_0.jpg,59,0,8,-8,0.0,3.2,-3.2,4444154.304065045,train
data/wbc_multifocus/59_1.jpg,59,1,8,-7,0.4,3.2,-2.8000000000000003,4424682.33480275,train
data/wbc_multifocus/59_2.jpg,59,2,8,-6,0.8,3.2,-2.4000000000000004,4667660.225898067,train
data/wbc_multifocus/59_3.jpg,59,3,8,-5,1.2000000000000002,3.2,-2.0,4959773.178620227,train
data/wbc_multifocus/59_4.jpg,59,4,8,-4,1.6,3.2,-1.6,5588200.906204168,train
data/wbc_multifocus/59_5.jpg,59,5,8,-3,2.0,3.2,-1.2000000000000002,8575072.16914462,train
data/wbc_multifocus/59_6.jpg,59,6,8,-2,2.4000000000000004,3.2,-0.8,7923589.687698921,train
data/wbc_multifocus/59_7.jpg,59,7,8,-1,2.8000000000000003,3.2,-0.4,15407701.6491072,train
data/wbc_multifocus/59_8.jpg,59,8,8,0,3.2,3.2,0.0,16528796.705599261,train
data/wbc_multifocus/59_9.jpg,59,9,8,1,3.6,3.2,0.4,15355628.248252671,train
data/wbc_multifocus/6_0.jpg,6,0,7,-7,0.0,2.8000000000000003,-2.8000000000000003,6585910.372250975,train
data/wbc_multifocus/6_1.jpg,6,1,7,-6,0.4,2.8000000000000003,-2.4000000000000004,7487197.644977974,train
data/wbc_multifocus/6_2.jpg,6,2,7,-5,0.8,2.8000000000000003,-2.0,9466147.780847585,train
data/wbc_multifocus/6_3.jpg,6,3,7,-4,1.2000000000000002,2.8000000000000003,-1.6,10585387.137712352,train
data/wbc_multifocus/6_4.jpg,6,4,7,-3,1.6,2.8000000000000003,-1.2000000000000002,10163484.706652783,train
data/wbc_multifocus/6_5.jpg,6,5,7,-2,2.0,2.8000000000000003,-0.8,12415576.026450928,train
data/wbc_multifocus/6_6.jpg,6,6,7,-1,2.4000000000000004,2.8000000000000003,-0.4,18000163.98418545,train
data/wbc_multifocus/6_7.jpg,6,7,7,0,2.8000000000000003,2.8000000000000003,0.0,20129262.685646143,train
data/wbc_multifocus/6_8.jpg,6,8,7,1,3.2,2.8000000000000003,0.4,19238298.95072046,train
data/wbc_multifocus/6_9.jpg,6,9,7,2,3.6,2.8000000000000003,0.8,16232074.626812898,train
data/wbc_multifocus/60_0.jpg,60,0,6,-6,0.0,2.4000000000000004,-2.4000000000000004,4710915.831549005,train
data/wbc_multifocus/60_1.jpg,60,1,6,-5,0.4,2.4000000000000004,-2.0,4356010.312476237,train
data/wbc_multifocus/60_2.jpg,60,2,6,-4,0.8,2.4000000000000004,-1.6,4160818.040495282,train
data/wbc_multifocus/60_3.jpg,60,3,6,-3,1.2000000000000002,2.4000000000000004,-1.2000000000000002,5814607.676021528,train
data/wbc_multifocus/60_4.jpg,60,4,6,-2,1.6,2.4000000000000004,-0.8,8682095.735405192,train
data/wbc_multifocus/60_5.jpg,60,5,6,-1,2.0,2.4000000000000004,-0.4,11578384.75309838,train
data/wbc_multifocus/60_6.jpg,60,6,6,0,2.4000000000000004,2.4000000000000004,0.0,12945321.693722215,train
data/wbc_multifocus/60_7.jpg,60,7,6,1,2.8000000000000003,2.4000000000000004,0.4,12720694.795115951,train
data/wbc_multifocus/60_8.jpg,60,8,6,2,3.2,2.4000000000000004,0.8,11654660.656698521,train
data/wbc_multifocus/60_9.jpg,60,9,6,3,3.6,2.4000000000000004,1.2000000000000002,10136165.62991431,train
data/wbc_multifocus/61_0.jpg,61,0,6,-6,0.0,2.4000000000000004,-2.4000000000000004,5502233.553092993,train
data/wbc_multifocus/61_1.jpg,61,1,6,-5,0.4,2.4000000000000004,-2.0,5313569.410768585,train
data/wbc_multifocus/61_2.jpg,61,2,6,-4,0.8,2.4000000000000004,-1.6,5512002.059312962,train
data/wbc_multifocus/61_3.jpg,61,3,6,-3,1.2000000000000002,2.4000000000000004,-1.2000000000000002,8990014.901772495,train
data/wbc_multifocus/61_4.jpg,61,4,6,-2,1.6,2.4000000000000004,-0.8,14087185.659345446,train
data/wbc_multifocus/61_5.jpg,61,5,6,-1,2.0,2.4000000000000004,-0.4,17790604.672680732,train
data/wbc_multifocus/61_6.jpg,61,6,6,0,2.4000000000000004,2.4000000000000004,0.0,18379628.975011185,train
data/wbc_multifocus/61_7.jpg,61,7,6,1,2.8000000000000003,2.4000000000000004,0.4,16939989.8080192,train
data/wbc_multifocus/61_8.jpg,61,8,6,2,3.2,2.4000000000000004,0.8,14393694.408026174,train
data/wbc_multifocus/61_9.jpg,61,9,6,3,3.6,2.4000000000000004,1.2000000000000002,11476208.58449412,train
data/wbc_multifocus/62_0.jpg,62,0,7,-7,0.0,2.8000000000000003,-2.8000000000000003,5877064.115602545,train
data/wbc_multifocus/62_1.jpg,62,1,7,-6,0.4,2.8000000000000003,-2.4000000000000004,6502718.155412008,train
data/wbc_multifocus/62_2.jpg,62,2,7,-5,0.8,2.8000000000000003,-2.0,8850838.146002127,train
data/wbc_multifocus/62_3.jpg,62,3,7,-4,1.2000000000000002,2.8000000000000003,-1.6,9268794.637885153,train
data/wbc_multifocus/62_4.jpg,62,4,7,-3,1.6,2.8000000000000003,-1.2000000000000002,6632376.43271437,train
data/wbc_multifocus/62_5.jpg,62,5,7,-2,2.0,2.8000000000000003,-0.8,8800025.13041775,train
data/wbc_multifocus/62_6.jpg,62,6,7,-1,2.4000000000000004,2.8000000000000003,-0.4,13069681.883579854,train
data/wbc_multifocus/62_7.jpg,62,7,7,0,2.8000000000000003,2.8000000000000003,0.0,16613775.554648308,train
data/wbc_multifocus/62_8.jpg,62,8,7,1,3.2,2.8000000000000003,0.4,16594580.49077968,train
data/wbc_multifocus/62_9.jpg,62,9,7,2,3.6,2.8000000000000003,0.8,14684787.431837475,train
data/wbc_multifocus/63_0.jpg,63,0,6,-6,0.0,2.4000000000000004,-2.4000000000000004,6786302.405769449,train
data/wbc_multifocus/63_1.jpg,63,1,6,-5,0.4,2.4000000000000004,-2.0,6691000.846445164,train
data/wbc_multifocus/63_2.jpg,63,2,6,-4,0.8,2.4000000000000004,-1.6,6126166.722172202,train
data/wbc_multifocus/63_3.jpg,63,3,6,-3,1.2000000000000002,2.4000000000000004,-1.2000000000000002,8693337.794063412,train
data/wbc_multifocus/63_4.jpg,63,4,6,-2,1.6,2.4000000000000004,-0.8,14056824.439456806,train
data/wbc_multifocus/63_5.jpg,63,5,6,-1,2.0,2.4000000000000004,-0.4,16877201.22641162,train
data/wbc_multifocus/63_6.jpg,63,6,6,0,2.4000000000000004,2.4000000000000004,0.0,17241266.321356744,train
data/wbc_multifocus/63_7.jpg,63,7,6,1,2.8000000000000003,2.4000000000000004,0.4,15560565.585658746,train
data/wbc_multifocus/63_8.jpg,63,8,6,2,3.2,2.4000000000000004,0.8,13047115.620891273,train
data/wbc_multifocus/63_9.jpg,63,9,6,3,3.6,2.4000000000000004,1.2000000000000002,10683392.757690173,train
data/wbc_multifocus/64_0.jpg,64,0,6,-6,0.0,2.4000000000000004,-2.4000000000000004,4113381.7043497106,train
data/wbc_multifocus/64_1.jpg,64,1,6,-5,0.4,2.4000000000000004,-2.0,1364783.7020805213,train
data/wbc_multifocus/64_2.jpg,64,2,6,-4,0.8,2.4000000000000004,-1.6,4789087.488335075,train
data/wbc_multifocus/64_3.jpg,64,3,6,-3,1.2000000000000002,2.4000000000000004,-1.2000000000000002,6376910.4659264,train
data/wbc_multifocus/64_4.jpg,64,4,6,-2,1.6,2.4000000000000004,-0.8,9163378.461282065,train
data/wbc_multifocus/64_5.jpg,64,5,6,-1,2.0,2.4000000000000004,-0.4,13134438.781288067,train
data/wbc_multifocus/64_6.jpg,64,6,6,0,2.4000000000000004,2.4000000000000004,0.0,14641002.701155797,train
data/wbc_multifocus/64_7.jpg,64,7,6,1,2.8000000000000003,2.4000000000000004,0.4,14347243.357419256,train
data/wbc_multifocus/64_8.jpg,64,8,6,2,3.2,2.4000000000000004,0.8,12656525.249871027,train
data/wbc_multifocus/64_9.jpg,64,9,6,3,3.6,2.4000000000000004,1.2000000000000002,10591977.501433024,train
data/wbc_multifocus/65_0.jpg,65,0,7,-7,0.0,2.8000000000000003,-2.8000000000000003,5587379.685732866,train
data/wbc_multifocus/65_1.jpg,65,1,7,-6,0.4,2.8000000000000003,-2.4000000000000004,6203959.683542216,train
data/wbc_multifocus/65_2.jpg,65,2,7,-5,0.8,2.8000000000000003,-2.0,6640595.016808048,train
data/wbc_multifocus/65_3.jpg,65,3,7,-4,1.2000000000000002,2.8000000000000003,-1.6,8522746.833723746,train
data/wbc_multifocus/65_4.jpg,65,4,7,-3,1.6,2.8000000000000003,-1.2000000000000002,9478657.459828664,train
data/wbc_multifocus/65_5.jpg,65,5,7,-2,2.0,2.8000000000000003,-0.8,14031226.69387974,train
data/wbc_multifocus/65_6.jpg,65,6,7,-1,2.4000000000000004,2.8000000000000003,-0.4,21976484.858537316,train
data/wbc_multifocus/65_7.jpg,65,7,7,0,2.8000000000000003,2.8000000000000003,0.0,25027095.368628845,train
data/wbc_multifocus/65_8.jpg,65,8,7,1,3.2,2.8000000000000003,0.4,23546704.760801915,train
data/wbc_multifocus/65_9.jpg,65,9,7,2,3.6,2.8000000000000003,0.8,19910464.56506504,train
data/wbc_multifocus/66_0.jpg,66,0,5,-5,0.0,2.0,-2.0,6030098.47378576,val
data/wbc_multifocus/66_1.jpg,66,1,5,-4,0.4,2.0,-1.6,6321969.3144003395,val
data/wbc_multifocus/66_2.jpg,66,2,5,-3,0.8,2.0,-1.2000000000000002,7451558.5187086,val
data/wbc_multifocus/66_3.jpg,66,3,5,-2,1.2000000000000002,2.0,-0.8,12090387.481428014,val
data/wbc_multifocus/66_4.jpg,66,4,5,-1,1.6,2.0,-0.4,17772671.984281503,val
data/wbc_multifocus/66_5.jpg,66,5,5,0,2.0,2.0,0.0,19862992.46164637,val
data/wbc_multifocus/66_6.jpg,66,6,5,1,2.4000000000000004,2.0,0.4,18649092.462795652,val
data/wbc_multifocus/66_7.jpg,66,7,5,2,2.8000000000000003,2.0,0.8,16083225.388507038,val
data/wbc_multifocus/66_8.jpg,66,8,5,3,3.2,2.0,1.2000000000000002,13094568.243835267,val
data/wbc_multifocus/66_9.jpg,66,9,5,4,3.6,2.0,1.6,10475022.45107058,val
data/wbc_multifocus/67_0.jpg,67,0,5,-5,0.0,2.0,-2.0,6005956.5575753,test
data/wbc_multifocus/67_1.jpg,67,1,5,-4,0.4,2.0,-1.6,7437377.353797544,test
data/wbc_multifocus/67_2.jpg,67,2,5,-3,0.8,2.0,-1.2000000000000002,7007646.929911183,test
data/wbc_multifocus/67_3.jpg,67,3,5,-2,1.2000000000000002,2.0,-0.8,9733843.085761495,test
data/wbc_multifocus/67_4.jpg,67,4,5,-1,1.6,2.0,-0.4,14517626.570306722,test
data/wbc_multifocus/67_5.jpg,67,5,5,0,2.0,2.0,0.0,16836823.478378385,test
data/wbc_multifocus/67_6.jpg,67,6,5,1,2.4000000000000004,2.0,0.4,15995463.386526208,test
data/wbc_multifocus/67_7.jpg,67,7,5,2,2.8000000000000003,2.0,0.8,13364663.660691135,test
data/wbc_multifocus/67_8.jpg,67,8,5,3,3.2,2.0,1.2000000000000002,10767618.510630604,test
data/wbc_multifocus/67_9.jpg,67,9,5,4,3.6,2.0,1.6,8469534.736498367,test
data/wbc_multifocus/68_0.jpg,68,0,5,-5,0.0,2.0,-2.0,2941717.8093220796,test
data/wbc_multifocus/68_1.jpg,68,1,5,-4,0.4,2.0,-1.6,8817848.438853491,test
data/wbc_multifocus/68_2.jpg,68,2,5,-3,0.8,2.0,-1.2000000000000002,8981459.985524068,test
data/wbc_multifocus/68_3.jpg,68,3,5,-2,1.2000000000000002,2.0,-0.8,10493744.236689132,test
data/wbc_multifocus/68_4.jpg,68,4,5,-1,1.6,2.0,-0.4,16627129.601174718,test
data/wbc_multifocus/68_5.jpg,68,5,5,0,2.0,2.0,0.0,19783966.913511764,test
data/wbc_multifocus/68_6.jpg,68,6,5,1,2.4000000000000004,2.0,0.4,17873273.13595406,test
data/wbc_multifocus/68_7.jpg,68,7,5,2,2.8000000000000003,2.0,0.8,14116454.316481665,test
data/wbc_multifocus/68_8.jpg,68,8,5,3,3.2,2.0,1.2000000000000002,10184729.424676526,test
data/wbc_multifocus/68_9.jpg,68,9,5,4,3.6,2.0,1.6,7644325.4937102655,test
data/wbc_multifocus/69_0.jpg,69,0,7,-7,0.0,2.8000000000000003,-2.8000000000000003,2514761.603255316,train
data/wbc_multifocus/69_1.jpg,69,1,7,-6,0.4,2.8000000000000003,-2.4000000000000004,2713371.9184100106,train
data/wbc_multifocus/69_2.jpg,69,2,7,-5,0.8,2.8000000000000003,-2.0,3029516.7178272237,train
data/wbc_multifocus/69_3.jpg,69,3,7,-4,1.2000000000000002,2.8000000000000003,-1.6,3317203.8382740295,train
data/wbc_multifocus/69_4.jpg,69,4,7,-3,1.6,2.8000000000000003,-1.2000000000000002,4729765.295177758,train
data/wbc_multifocus/69_5.jpg,69,5,7,-2,2.0,2.8000000000000003,-0.8,7557857.665115341,train
data/wbc_multifocus/69_6.jpg,69,6,7,-1,2.4000000000000004,2.8000000000000003,-0.4,9269902.32875441,train
data/wbc_multifocus/69_7.jpg,69,7,7,0,2.8000000000000003,2.8000000000000003,0.0,9516227.388848985,train
data/wbc_multifocus/69_8.jpg,69,8,7,1,3.2,2.8000000000000003,0.4,8248660.857828891,train
data/wbc_multifocus/69_9.jpg,69,9,7,2,3.6,2.8000000000000003,0.8,6913209.671396652,train
data/wbc_multifocus/7_0.jpg,7,0,7,-7,0.0,2.8000000000000003,-2.8000000000000003,5827526.402353253,train
data/wbc_multifocus/7_1.jpg,7,1,7,-6,0.4,2.8000000000000003,-2.4000000000000004,7064376.620961291,train
data/wbc_multifocus/7_2.jpg,7,2,7,-5,0.8,2.8000000000000003,-2.0,9296351.14830241,train
data/wbc_multifocus/7_3.jpg,7,3,7,-4,1.2000000000000002,2.8000000000000003,-1.6,9359010.307248034,train
data/wbc_multifocus/7_4.jpg,7,4,7,-3,1.6,2.8000000000000003,-1.2000000000000002,9384520.979483709,train
data/wbc_multifocus/7_5.jpg,7,5,7,-2,2.0,2.8000000000000003,-0.8,13969827.436332814,train
data/wbc_multifocus/7_6.jpg,7,6,7,-1,2.4000000000000004,2.8000000000000003,-0.4,19742651.393786617,train
data/wbc_multifocus/7_7.jpg,7,7,7,0,2.8000000000000003,2.8000000000000003,0.0,21071962.376972087,train
data/wbc_multifocus/7_8.jpg,7,8,7,1,3.2,2.8000000000000003,0.4,19104086.78161525,train
data/wbc_multifocus/7_9.jpg,7,9,7,2,3.6,2.8000000000000003,0.8,15420432.727819774,train
data/wbc_multifocus/70_0.jpg,70,0,6,-6,0.0,2.4000000000000004,-2.4000000000000004,4584412.789619317,train
data/wbc_multifocus/70_1.jpg,70,1,6,-5,0.4,2.4000000000000004,-2.0,4517706.737023216,train
data/wbc_multifocus/70_2.jpg,70,2,6,-4,0.8,2.4000000000000004,-1.6,5798810.982624226,train
data/wbc_multifocus/70_3.jpg,70,3,6,-3,1.2000000000000002,2.4000000000000004,-1.2000000000000002,9084118.778330801,train
data/wbc_multifocus/70_4.jpg,70,4,6,-2,1.6,2.4000000000000004,-0.8,12631483.788544998,train
data/wbc_multifocus/70_5.jpg,70,5,6,-1,2.0,2.4000000000000004,-0.4,14930841.369212925,train
data/wbc_multifocus/70_6.jpg,70,6,6,0,2.4000000000000004,2.4000000000000004,0.0,15081974.14575088,train
data/wbc_multifocus/70_7.jpg,70,7,6,1,2.8000000000000003,2.4000000000000004,0.4,13770932.660243386,train
data/wbc_multifocus/70_8.jpg,70,8,6,2,3.2,2.4000000000000004,0.8,11776738.17902043,train
data/wbc_multifocus/70_9.jpg,70,9,6,3,3.6,2.4000000000000004,1.2000000000000002,9875303.650683597,train
data/wbc_multifocus/71_0.jpg,71,0,6,-6,0.0,2.4000000000000004,-2.4000000000000004,14216683.536817033,train
data/wbc_multifocus/71_1.jpg,71,1,6,-5,0.4,2.4000000000000004,-2.0,13447989.227431508,train
data/wbc_multifocus/71_2.jpg,71,2,6,-4,0.8,2.4000000000000004,-1.6,12369047.441493545,train
data/wbc_multifocus/71_3.jpg,71,3,6,-3,1.2000000000000002,2.4000000000000004,-1.2000000000000002,14958299.45791078,train
data/wbc_multifocus/71_4.jpg,71,4,6,-2,1.6,2.4000000000000004,-0.8,18286018.572997868,train
data/wbc_multifocus/71_5.jpg,71,5,6,-1,2.0,2.4000000000000004,-0.4,20105048.91037893,train
data/wbc_multifocus/71_6.jpg,71,6,6,0,2.4000000000000004,2.4000000000000004,0.0,20163954.439742,train
data/wbc_multifocus/71_7.jpg,71,7,6,1,2.8000000000000003,2.4000000000000004,0.4,18626103.177744586,train
data/wbc_multifocus/71_8.jpg,71,8,6,2,3.2,2.4000000000000004,0.8,15901172.775436088,train
data/wbc_multifocus/71_9.jpg,71,9,6,3,3.6,2.4000000000000004,1.2000000000000002,13112927.696227161,train
data/wbc_multifocus/72_0.jpg,72,0,7,-7,0.0,2.8000000000000003,-2.8000000000000003,4793979.1148391105,train
data/wbc_multifocus/72_1.jpg,72,1,7,-6,0.4,2.8000000000000003,-2.4000000000000004,4809432.868671986,train
data/wbc_multifocus/72_2.jpg,72,2,7,-5,0.8,2.8000000000000003,-2.0,4484576.102296669,train
data/wbc_multifocus/72_3.jpg,72,3,7,-4,1.2000000000000002,2.8000000000000003,-1.6,5417425.830833515,train
data/wbc_multifocus/72_4.jpg,72,4,7,-3,1.6,2.8000000000000003,-1.2000000000000002,8132119.591878786,train
data/wbc_multifocus/72_5.jpg,72,5,7,-2,2.0,2.8000000000000003,-0.8,10810958.362851506,train
data/wbc_multifocus/72_6.jpg,72,6,7,-1,2.4000000000000004,2.8000000000000003,-0.4,12696564.488207318,train
data/wbc_multifocus/72_7.jpg,72,7,7,0,2.8000000000000003,2.8000000000000003,0.0,12971138.009495903,train
data/wbc_multifocus/72_8.jpg,72,8,7,1,3.2,2.8000000000000003,0.4,12155309.715746813,train
data/wbc_multifocus/72_9.jpg,72,9,7,2,3.6,2.8000000000000003,0.8,10546821.278499737,train
data/wbc_multifocus/73_0.jpg,73,0,5,-5,0.0,2.0,-2.0,6404785.710301314,train
data/wbc_multifocus/73_1.jpg,73,1,5,-4,0.4,2.0,-1.6,8503410.689513229,train
data/wbc_multifocus/73_2.jpg,73,2,5,-3,0.8,2.0,-1.2000000000000002,12052718.494972035,train
data/wbc_multifocus/73_3.jpg,73,3,5,-2,1.2000000000000002,2.0,-0.8,15853594.145040616,train
data/wbc_multifocus/73_4.jpg,73,4,5,-1,1.6,2.0,-0.4,18543072.668353982,train
data/wbc_multifocus/73_5.jpg,73,5,5,0,2.0,2.0,0.0,19286204.5305842,train
data/wbc_multifocus/73_6.jpg,73,6,5,1,2.4000000000000004,2.0,0.4,18433236.424148515,train
data/wbc_multifocus/73_7.jpg,73,7,5,2,2.8000000000000003,2.0,0.8,16570522.744305527,train
data/wbc_multifocus/73_8.jpg,73,8,5,3,3.2,2.0,1.2000000000000002,14470170.24624961,train
data/wbc_multifocus/73_9.jpg,73,9,5,4,3.6,2.0,1.6,11845402.919022745,train
data/wbc_multifocus/74_0.jpg,74,0,6,-6,0.0,2.4000000000000004,-2.4000000000000004,12912384.670234062,train
data/wbc_multifocus/74_1.jpg,74,1,6,-5,0.4,2.4000000000000004,-2.0,12060398.43063798,train
data/wbc_multifocus/74_2.jpg,74,2,6,-4,0.8,2.4000000000000004,-1.6,11721069.224880299,train
data/wbc_multifocus/74_3.jpg,74,3,6,-3,1.2000000000000002,2.4000000000000004,-1.2000000000000002,10507838.402633833,train
data/wbc_multifocus/74_4.jpg,74,4,6,-2,1.6,2.4000000000000004,-0.8,12612983.66840095,train
data/wbc_multifocus/74_5.jpg,74,5,6,-1,2.0,2.4000000000000004,-0.4,15371102.350603824,train
data/wbc_multifocus/74_6.jpg,74,6,6,0,2.4000000000000004,2.4000000000000004,0.0,16000132.334896075,train
data/wbc_multifocus/74_7.jpg,74,7,6,1,2.8000000000000003,2.4000000000000004,0.4,15940717.239205591,train
data/wbc_multifocus/74_8.jpg,74,8,6,2,3.2,2.4000000000000004,0.8,14402267.128046824,train
data/wbc_multifocus/74_9.jpg,74,9,6,3,3.6,2.4000000000000004,1.2000000000000002,12484811.596679026,train
data/wbc_multifocus/75_0.jpg,75,0,5,-5,0.0,2.0,-2.0,12635408.454782445,train
data/wbc_multifocus/75_1.jpg,75,1,5,-4,0.4,2.0,-1.6,12260186.155952144,train
data/wbc_multifocus/75_2.jpg,75,2,5,-3,0.8,2.0,-1.2000000000000002,12101535.492046094,train
data/wbc_multifocus/75_3.jpg,75,3,5,-2,1.2000000000000002,2.0,-0.8,11092092.6854867,train
data/wbc_multifocus/75_4.jpg,75,4,5,-1,1.6,2.0,-0.4,12150575.15916325,train
data/wbc_multifocus/75_5.jpg,75,5,5,0,2.0,2.0,0.0,13038346.213334303,train
data/wbc_multifocus/75_6.jpg,75,6,5,1,2.4000000000000004,2.0,0.4,12804466.561361631,train
data/wbc_multifocus/75_7.jpg,75,7,5,2,2.8000000000000003,2.0,0.8,12474485.106292969,train
data/wbc_multifocus/75_8.jpg,75,8,5,3,3.2,2.0,1.2000000000000002,11352561.8136186,train
data/wbc_multifocus/75_9.jpg,75,9,5,4,3.6,2.0,1.6,9931078.700746108,train
data/wbc_multifocus/76_0.jpg,76,0,7,-7,0.0,2.8000000000000003,-2.8000000000000003,6321294.6036091335,train
data/wbc_multifocus/76_1.jpg,76,1,7,-6,0.4,2.8000000000000003,-2.4000000000000004,5925749.971030966,train
data/wbc_multifocus/76_2.jpg,76,2,7,-5,0.8,2.8000000000000003,-2.0,7605281.98382197,train
data/wbc_multifocus/76_3.jpg,76,3,7,-4,1.2000000000000002,2.8000000000000003,-1.6,8146651.296577998,train
data/wbc_multifocus/76_4.jpg,76,4,7,-3,1.6,2.8000000000000003,-1.2000000000000002,7415265.710676058,train
data/wbc_multifocus/76_5.jpg,76,5,7,-2,2.0,2.8000000000000003,-0.8,8999108.934196904,train
data/wbc_multifocus/76_6.jpg,76,6,7,-1,2.4000000000000004,2.8000000000000003,-0.4,12670037.63674685,train
data/wbc_multifocus/76_7.jpg,76,7,7,0,2.8000000000000003,2.8000000000000003,0.0,15409355.535301339,train
data/wbc_multifocus/76_8.jpg,76,8,7,1,3.2,2.8000000000000003,0.4,14932443.754324732,train
data/wbc_multifocus/76_9.jpg,76,9,7,2,3.6,2.8000000000000003,0.8,12701861.613050062,train
data/wbc_multifocus/77_0.jpg,77,0,6,-6,0.0,2.4000000000000004,-2.4000000000000004,8558128.486473076,train
data/wbc_multifocus/77_1.jpg,77,1,6,-5,0.4,2.4000000000000004,-2.0,8576576.94957986,train
data/wbc_multifocus/77_2.jpg,77,2,6,-4,0.8,2.4000000000000004,-1.6,8451995.2726578,train
data/wbc_multifocus/77_3.jpg,77,3,6,-3,1.2000000000000002,2.4000000000000004,-1.2000000000000002,9272191.261675345,train
data/wbc_multifocus/77_4.jpg,77,4,6,-2,1.6,2.4000000000000004,-0.8,11375584.367911398,train
data/wbc_multifocus/77_5.jpg,77,5,6,-1,2.0,2.4000000000000004,-0.4,13073575.492249914,train
data/wbc_multifocus/77_6.jpg,77,6,6,0,2.4000000000000004,2.4000000000000004,0.0,13610130.544113595,train
data/wbc_multifocus/77_7.jpg,77,7,6,1,2.8000000000000003,2.4000000000000004,0.4,13149242.432993593,train
data/wbc_multifocus/77_8.jpg,77,8,6,2,3.2,2.4000000000000004,0.8,11666001.665392894,train
data/wbc_multifocus/77_9.jpg,77,9,6,3,3.6,2.4000000000000004,1.2000000000000002,10090498.54754729,train
data/wbc_multifocus/78_0.jpg,78,0,6,-6,0.0,2.4000000000000004,-2.4000000000000004,7917997.255510746,test
data/wbc_multifocus/78_1.jpg,78,1,6,-5,0.4,2.4000000000000004,-2.0,7839501.331378909,test
data/wbc_multifocus/78_2.jpg,78,2,6,-4,0.8,2.4000000000000004,-1.6,7556524.807008525,test
data/wbc_multifocus/78_3.jpg,78,3,6,-3,1.2000000000000002,2.4000000000000004,-1.2000000000000002,8287724.388554193,test
data/wbc_multifocus/78_4.jpg,78,4,6,-2,1.6,2.4000000000000004,-0.8,9901651.607089102,test
data/wbc_multifocus/78_5.jpg,78,5,6,-1,2.0,2.4000000000000004,-0.4,11124660.56433036,test
data/wbc_multifocus/78_6.jpg,78,6,6,0,2.4000000000000004,2.4000000000000004,0.0,11433063.133108638,test
data/wbc_multifocus/78_7.jpg,78,7,6,1,2.8000000000000003,2.4000000000000004,0.4,11046753.121949505,test
data/wbc_multifocus/78_8.jpg,78,8,6,2,3.2,2.4000000000000004,0.8,9814225.590153826,test
data/wbc_multifocus/78_9.jpg,78,9,6,3,3.6,2.4000000000000004,1.2000000000000002,8565284.75459051,test
data/wbc_multifocus/79_0.jpg,79,0,6,-6,0.0,2.4000000000000004,-2.4000000000000004,10325195.430016564,train
data/wbc_multifocus/79_1.jpg,79,1,6,-5,0.4,2.4000000000000004,-2.0,10538030.405451104,train
data/wbc_multifocus/79_2.jpg,79,2,6,-4,0.8,2.4000000000000004,-1.6,10248528.945123494,train
data/wbc_multifocus/79_3.jpg,79,3,6,-3,1.2000000000000002,2.4000000000000004,-1.2000000000000002,11478416.18076435,train
data/wbc_multifocus/79_4.jpg,79,4,6,-2,1.6,2.4000000000000004,-0.8,14040042.188505836,train
data/wbc_multifocus/79_5.jpg,79,5,6,-1,2.0,2.4000000000000004,-0.4,15891151.211397938,train
data/wbc_multifocus/79_6.jpg,79,6,6,0,2.4000000000000004,2.4000000000000004,0.0,16014622.734864721,train
data/wbc_multifocus/79_7.jpg,79,7,6,1,2.8000000000000003,2.4000000000000004,0.4,14828057.798853602,train
data/wbc_multifocus/79_8.jpg,79,8,6,2,3.2,2.4000000000000004,0.8,12517474.09072871,train
data/wbc_multifocus/79_9.jpg,79,9,6,3,3.6,2.4000000000000004,1.2000000000000002,10427493.139206925,train
data/wbc_multifocus/8_0.jpg,8,0,6,-6,0.0,2.4000000000000004,-2.4000000000000004,5320058.683696365,train
data/wbc_multifocus/8_1.jpg,8,1,6,-5,0.4,2.4000000000000004,-2.0,7065535.165758748,train
data/wbc_multifocus/8_2.jpg,8,2,6,-4,0.8,2.4000000000000004,-1.6,8052654.723098891,train
data/wbc_multifocus/8_3.jpg,8,3,6,-3,1.2000000000000002,2.4000000000000004,-1.2000000000000002,6905630.945339043,train
data/wbc_multifocus/8_4.jpg,8,4,6,-2,1.6,2.4000000000000004,-0.8,7608856.3422361165,train
data/wbc_multifocus/8_5.jpg,8,5,6,-1,2.0,2.4000000000000004,-0.4,11369368.746027246,train
data/wbc_multifocus/8_6.jpg,8,6,6,0,2.4000000000000004,2.4000000000000004,0.0,14310620.277001994,train
data/wbc_multifocus/8_7.jpg,8,7,6,1,2.8000000000000003,2.4000000000000004,0.4,14182830.870483816,train
data/wbc_multifocus/8_8.jpg,8,8,6,2,3.2,2.4000000000000004,0.8,11990857.895952549,train
data/wbc_multifocus/8_9.jpg,8,9,6,3,3.6,2.4000000000000004,1.2000000000000002,9287862.31419336,train
data/wbc_multifocus/80_0.jpg,80,0,6,-6,0.0,2.4000000000000004,-2.4000000000000004,4123071.5772127435,train
data/wbc_multifocus/80_1.jpg,80,1,6,-5,0.4,2.4000000000000004,-2.0,4204739.967552157,train
data/wbc_multifocus/80_2.jpg,80,2,6,-4,0.8,2.4000000000000004,-1.6,5054016.259102225,train
data/wbc_multifocus/80_3.jpg,80,3,6,-3,1.2000000000000002,2.4000000000000004,-1.2000000000000002,7970606.366799098,train
data/wbc_multifocus/80_4.jpg,80,4,6,-2,1.6,2.4000000000000004,-0.8,11364362.870427556,train
data/wbc_multifocus/80_5.jpg,80,5,6,-1,2.0,2.4000000000000004,-0.4,13455914.121102119,train
data/wbc_multifocus/80_6.jpg,80,6,6,0,2.4000000000000004,2.4000000000000004,0.0,14099287.637756139,train
data/wbc_multifocus/80_7.jpg,80,7,6,1,2.8000000000000003,2.4000000000000004,0.4,13398880.737655014,train
data/wbc_multifocus/80_8.jpg,80,8,6,2,3.2,2.4000000000000004,0.8,12069003.81752836,train
data/wbc_multifocus/80_9.jpg,80,9,6,3,3.6,2.4000000000000004,1.2000000000000002,10544728.643840423,train
data/wbc_multifocus/81_0.jpg,81,0,5,-5,0.0,2.0,-2.0,4564615.068359931,train
data/wbc_multifocus/81_1.jpg,81,1,5,-4,0.4,2.0,-1.6,4697582.873014104,train
data/wbc_multifocus/81_2.jpg,81,2,5,-3,0.8,2.0,-1.2000000000000002,7122474.978457229,train
data/wbc_multifocus/81_3.jpg,81,3,5,-2,1.2000000000000002,2.0,-0.8,10978092.898438666,train
data/wbc_multifocus/81_4.jpg,81,4,5,-1,1.6,2.0,-0.4,13639882.366362032,train
data/wbc_multifocus/81_5.jpg,81,5,5,0,2.0,2.0,0.0,14451226.222046504,train
data/wbc_multifocus/81_6.jpg,81,6,5,1,2.4000000000000004,2.0,0.4,13765638.90570681,train
data/wbc_multifocus/81_7.jpg,81,7,5,2,2.8000000000000003,2.0,0.8,12411383.444097716,train
data/wbc_multifocus/81_8.jpg,81,8,5,3,3.2,2.0,1.2000000000000002,10807971.540313995,train
data/wbc_multifocus/81_9.jpg,81,9,5,4,3.6,2.0,1.6,9371083.993990185,train
data/wbc_multifocus/82_0.jpg,82,0,6,-6,0.0,2.4000000000000004,-2.4000000000000004,4188346.6255689757,train
data/wbc_multifocus/82_1.jpg,82,1,6,-5,0.4,2.4000000000000004,-2.0,4594142.366178554,train
data/wbc_multifocus/82_2.jpg,82,2,6,-4,0.8,2.4000000000000004,-1.6,4965553.04836742,train
data/wbc_multifocus/82_3.jpg,82,3,6,-3,1.2000000000000002,2.4000000000000004,-1.2000000000000002,6752671.7147609,train
data/wbc_multifocus/82_4.jpg,82,4,6,-2,1.6,2.4000000000000004,-0.8,9741610.423744556,train
data/wbc_multifocus/82_5.jpg,82,5,6,-1,2.0,2.4000000000000004,-0.4,12606000.887519842,train
data/wbc_multifocus/82_6.jpg,82,6,6,0,2.4000000000000004,2.4000000000000004,0.0,14009197.443255931,train
data/wbc_multifocus/82_7.jpg,82,7,6,1,2.8000000000000003,2.4000000000000004,0.4,13778059.652312413,train
data/wbc_multifocus/82_8.jpg,82,8,6,2,3.2,2.4000000000000004,0.8,12589515.625621196,train
data/wbc_multifocus/82_9.jpg,82,9,6,3,3.6,2.4000000000000004,1.2000000000000002,10834530.009118594,train
data/wbc_multifocus/83_0.jpg,83,0,6,-6,0.0,2.4000000000000004,-2.4000000000000004,4817690.846921537,train
data/wbc_multifocus/83_1.jpg,83,1,6,-5,0.4,2.4000000000000004,-2.0,5287461.420639787,train
data/wbc_multifocus/83_2.jpg,83,2,6,-4,0.8,2.4000000000000004,-1.6,5858433.75844885,train
data/wbc_multifocus/83_3.jpg,83,3,6,-3,1.2000000000000002,2.4000000000000004,-1.2000000000000002,8404171.078178704,train
data/wbc_multifocus/83_4.jpg,83,4,6,-2,1.6,2.4000000000000004,-0.8,12083125.580304421,train
data/wbc_multifocus/83_5.jpg,83,5,6,-1,2.0,2.4000000000000004,-0.4,15641564.345076304,train
data/wbc_multifocus/83_6.jpg,83,6,6,0,2.4000000000000004,2.4000000000000004,0.0,17166934.84972903,train
data/wbc_multifocus/83_7.jpg,83,7,6,1,2.8000000000000003,2.4000000000000004,0.4,16850580.45318377,train
data/wbc_multifocus/83_8.jpg,83,8,6,2,3.2,2.4000000000000004,0.8,15445303.177352533,train
data/wbc_multifocus/83_9.jpg,83,9,6,3,3.6,2.4000000000000004,1.2000000000000002,13248609.88833945,train
data/wbc_multifocus/84_0.jpg,84,0,6,-6,0.0,2.4000000000000004,-2.4000000000000004,4925106.695023429,train
data/wbc_multifocus/84_1.jpg,84,1,6,-5,0.4,2.4000000000000004,-2.0,4896307.063367177,train
data/wbc_multifocus/84_2.jpg,84,2,6,-4,0.8,2.4000000000000004,-1.6,6064583.639520269,train
data/wbc_multifocus/84_3.jpg,84,3,6,-3,1.2000000000000002,2.4000000000000004,-1.2000000000000002,9154186.193694629,train
data/wbc_multifocus/84_4.jpg,84,4,6,-2,1.6,2.4000000000000004,-0.8,13202096.557874087,train
data/wbc_multifocus/84_5.jpg,84,5,6,-1,2.0,2.4000000000000004,-0.4,15897747.96267486,train
data/wbc_multifocus/84_6.jpg,84,6,6,0,2.4000000000000004,2.4000000000000004,0.0,16393125.430956887,train
data/wbc_multifocus/84_7.jpg,84,7,6,1,2.8000000000000003,2.4000000000000004,0.4,15388426.572612258,train
data/wbc_multifocus/84_8.jpg,84,8,6,2,3.2,2.4000000000000004,0.8,13644127.304320816,train
data/wbc_multifocus/84_9.jpg,84,9,6,3,3.6,2.4000000000000004,1.2000000000000002,11845122.42091461,train
data/wbc_multifocus/85_0.jpg,85,0,4,-4,0.0,1.6,-1.6,4153897.2397031337,val
data/wbc_multifocus/85_1.jpg,85,1,4,-3,0.4,1.6,-1.2000000000000002,5931877.25929149,val
data/wbc_multifocus/85_2.jpg,85,2,4,-2,0.8,1.6,-0.8,9918143.398867097,val
data/wbc_multifocus/85_3.jpg,85,3,4,-1,1.2000000000000002,1.6,-0.4,12887488.112172414,val
data/wbc_multifocus/85_4.jpg,85,4,4,0,1.6,1.6,0.0,14505169.88494857,val
data/wbc_multifocus/85_5.jpg,85,5,4,1,2.0,1.6,0.4,14386233.130465623,val
data/wbc_multifocus/85_6.jpg,85,6,4,2,2.4000000000000004,1.6,0.8,13380371.39281249,val
data/wbc_multifocus/85_7.jpg,85,7,4,3,2.8000000000000003,1.6,1.2000000000000002,11813199.47245992,val
data/wbc_multifocus/85_8.jpg,85,8,4,4,3.2,1.6,1.6,10130019.804055713,val
data/wbc_multifocus/85_9.jpg,85,9,4,5,3.6,1.6,2.0,8588373.911516389,val
data/wbc_multifocus/86_0.jpg,86,0,7,-7,0.0,2.8000000000000003,-2.8000000000000003,4818593.621868307,train
data/wbc_multifocus/86_1.jpg,86,1,7,-6,0.4,2.8000000000000003,-2.4000000000000004,5459938.714439714,train
data/wbc_multifocus/86_2.jpg,86,2,7,-5,0.8,2.8000000000000003,-2.0,6897508.50667036,train
data/wbc_multifocus/86_3.jpg,86,3,7,-4,1.2000000000000002,2.8000000000000003,-1.6,7694710.679216082,train
data/wbc_multifocus/86_4.jpg,86,4,7,-3,1.6,2.8000000000000003,-1.2000000000000002,7675735.436064094,train
data/wbc_multifocus/86_5.jpg,86,5,7,-2,2.0,2.8000000000000003,-0.8,10518251.526905749,train
data/wbc_multifocus/86_6.jpg,86,6,7,-1,2.4000000000000004,2.8000000000000003,-0.4,14116040.650092186,train
data/wbc_multifocus/86_7.jpg,86,7,7,0,2.8000000000000003,2.8000000000000003,0.0,15406438.28986912,train
data/wbc_multifocus/86_8.jpg,86,8,7,1,3.2,2.8000000000000003,0.4,14117605.542992698,train
data/wbc_multifocus/86_9.jpg,86,9,7,2,3.6,2.8000000000000003,0.8,11810599.268275097,train
data/wbc_multifocus/87_0.jpg,87,0,6,-6,0.0,2.4000000000000004,-2.4000000000000004,3906443.2319682376,train
data/wbc_multifocus/87_1.jpg,87,1,6,-5,0.4,2.4000000000000004,-2.0,3711138.008349261,train
data/wbc_multifocus/87_2.jpg,87,2,6,-4,0.8,2.4000000000000004,-1.6,3916875.6444962737,train
data/wbc_multifocus/87_3.jpg,87,3,6,-3,1.2000000000000002,2.4000000000000004,-1.2000000000000002,5635810.045579746,train
data/wbc_multifocus/87_4.jpg,87,4,6,-2,1.6,2.4000000000000004,-0.8,8478547.7836204,train
data/wbc_multifocus/87_5.jpg,87,5,6,-1,2.0,2.4000000000000004,-0.4,11129408.437962905,train
data/wbc_multifocus/87_6.jpg,87,6,6,0,2.4000000000000004,2.4000000000000004,0.0,12102851.037708381,train
data/wbc_multifocus/87_7.jpg,87,7,6,1,2.8000000000000003,2.4000000000000004,0.4,11740489.977462545,train
data/wbc_multifocus/87_8.jpg,87,8,6,2,3.2,2.4000000000000004,0.8,10549471.538561702,train
data/wbc_multifocus/87_9.jpg,87,9,6,3,3.6,2.4000000000000004,1.2000000000000002,9247063.555949084,train
data/wbc_multifocus/88_0.jpg,88,0,4,-4,0.0,1.6,-1.6,3624824.615320498,train
data/wbc_multifocus/88_1.jpg,88,1,4,-3,0.4,1.6,-1.2000000000000002,5184197.80542228,train
data/wbc_multifocus/88_2.jpg,88,2,4,-2,0.8,1.6,-0.8,7655609.610637208,train
data/wbc_multifocus/88_3.jpg,88,3,4,-1,1.2000000000000002,1.6,-0.4,9496994.332400113,train
data/wbc_multifocus/88_4.jpg,88,4,4,0,1.6,1.6,0.0,9968979.47295729,train
data/wbc_multifocus/88_5.jpg,88,5,4,1,2.0,1.6,0.4,9367680.820038566,train
data/wbc_multifocus/88_6.jpg,88,6,4,2,2.4000000000000004,1.6,0.8,8394944.962307455,train
data/wbc_multifocus/88_7.jpg,88,7,4,3,2.8000000000000003,1.6,1.2000000000000002,7161677.240044143,train
data/wbc_multifocus/88_8.jpg,88,8,4,4,3.2,1.6,1.6,6078946.310671734,train
data/wbc_multifocus/88_9.jpg,88,9,4,5,3.6,1.6,2.0,5181589.534461154,train
data/wbc_multifocus/89_0.jpg,89,0,7,-7,0.0,2.8000000000000003,-2.8000000000000003,5211830.5745288,train
data/wbc_multifocus/89_1.jpg,89,1,7,-6,0.4,2.8000000000000003,-2.4000000000000004,5225350.599941542,train
data/wbc_multifocus/89_2.jpg,89,2,7,-5,0.8,2.8000000000000003,-2.0,5245894.508647777,train
data/wbc_multifocus/89_3.jpg,89,3,7,-4,1.2000000000000002,2.8000000000000003,-1.6,4611029.703368537,train
data/wbc_multifocus/89_4.jpg,89,4,7,-3,1.6,2.8000000000000003,-1.2000000000000002,5815840.586248224,train
data/wbc_multifocus/89_5.jpg,89,5,7,-2,2.0,2.8000000000000003,-0.8,9948079.103662185,train
data/wbc_multifocus/89_6.jpg,89,6,7,-1,2.4000000000000004,2.8000000000000003,-0.4,14235305.12939805,train
data/wbc_multifocus/89_7.jpg,89,7,7,0,2.8000000000000003,2.8000000000000003,0.0,15620902.781012267,train
data/wbc_multifocus/89_8.jpg,89,8,7,1,3.2,2.8000000000000003,0.4,15365566.541771948,train
data/wbc_multifocus/89_9.jpg,89,9,7,2,3.6,2.8000000000000003,0.8,13783072.840540454,train
data/wbc_multifocus/9_0.jpg,9,0,6,-6,0.0,2.4000000000000004,-2.4000000000000004,4798360.796663338,val
data/wbc_multifocus/9_1.jpg,9,1,6,-5,0.4,2.4000000000000004,-2.0,4738239.198507282,val
data/wbc_multifocus/9_2.jpg,9,2,6,-4,0.8,2.4000000000000004,-1.6,5764716.326364672,val
data/wbc_multifocus/9_3.jpg,9,3,6,-3,1.2000000000000002,2.4000000000000004,-1.2000000000000002,8296908.317443886,val
data/wbc_multifocus/9_4.jpg,9,4,6,-2,1.6,2.4000000000000004,-0.8,11349611.462936468,val
data/wbc_multifocus/9_5.jpg,9,5,6,-1,2.0,2.4000000000000004,-0.4,12924933.135369513,val
data/wbc_multifocus/9_6.jpg,9,6,6,0,2.4000000000000004,2.4000000000000004,0.0,13306729.168251071,val
data/wbc_multifocus/9_7.jpg,9,7,6,1,2.8000000000000003,2.4000000000000004,0.4,12429232.641078208,val
data/wbc_multifocus/9_8.jpg,9,8,6,2,3.2,2.4000000000000004,0.8,11146137.014915854,val
data/wbc_multifocus/9_9.jpg,9,9,6,3,3.6,2.4000000000000004,1.2000000000000002,9639553.50875977,val
data/wbc_multifocus/90_0.jpg,90,0,5,-5,0.0,2.0,-2.0,4991520.180956684,train
data/wbc_multifocus/90_1.jpg,90,1,5,-4,0.4,2.0,-1.6,4563889.284936006,train
data/wbc_multifocus/90_2.jpg,90,2,5,-3,0.8,2.0,-1.2000000000000002,5425895.692497322,train
data/wbc_multifocus/90_3.jpg,90,3,5,-2,1.2000000000000002,2.0,-0.8,9496046.253097624,train
data/wbc_multifocus/90_4.jpg,90,4,5,-1,1.6,2.0,-0.4,13405444.740001647,train
data/wbc_multifocus/90_5.jpg,90,5,5,0,2.0,2.0,0.0,15233957.580321033,train
data/wbc_multifocus/90_6.jpg,90,6,5,1,2.4000000000000004,2.0,0.4,14979707.459038993,train
data/wbc_multifocus/90_7.jpg,90,7,5,2,2.8000000000000003,2.0,0.8,13586404.071414147,train
data/wbc_multifocus/90_8.jpg,90,8,5,3,3.2,2.0,1.2000000000000002,11944491.15908118,train
data/wbc_multifocus/90_9.jpg,90,9,5,4,3.6,2.0,1.6,10046147.298016,train
data/wbc_multifocus/91_0.jpg,91,0,5,-5,0.0,2.0,-2.0,9335888.722761014,train
data/wbc_multifocus/91_1.jpg,91,1,5,-4,0.4,2.0,-1.6,7902036.780070566,train
data/wbc_multifocus/91_2.jpg,91,2,5,-3,0.8,2.0,-1.2000000000000002,7019531.174584255,train
data/wbc_multifocus/91_3.jpg,91,3,5,-2,1.2000000000000002,2.0,-0.8,12561595.646215046,train
data/wbc_multifocus/91_4.jpg,91,4,5,-1,1.6,2.0,-0.4,17664674.419723246,train
data/wbc_multifocus/91_5.jpg,91,5,5,0,2.0,2.0,0.0,18851061.628732994,train
data/wbc_multifocus/91_6.jpg,91,6,5,1,2.4000000000000004,2.0,0.4,17325709.215363592,train
data/wbc_multifocus/91_7.jpg,91,7,5,2,2.8000000000000003,2.0,0.8,14553126.595516454,train
data/wbc_multifocus/91_8.jpg,91,8,5,3,3.2,2.0,1.2000000000000002,12130819.709528474,train
data/wbc_multifocus/91_9.jpg,91,9,5,4,3.6,2.0,1.6,9977624.096231971,train
data/wbc_multifocus/92_0.jpg,92,0,5,-5,0.0,2.0,-2.0,4808290.459362619,train
data/wbc_multifocus/92_1.jpg,92,1,5,-4,0.4,2.0,-1.6,4294867.703889083,train
data/wbc_multifocus/92_2.jpg,92,2,5,-3,0.8,2.0,-1.2000000000000002,4061846.9424420735,train
data/wbc_multifocus/92_3.jpg,92,3,5,-2,1.2000000000000002,2.0,-0.8,6583315.65606047,train
data/wbc_multifocus/92_4.jpg,92,4,5,-1,1.6,2.0,-0.4,10009209.473662814,train
data/wbc_multifocus/92_5.jpg,92,5,5,0,2.0,2.0,0.0,12348792.763720721,train
data/wbc_multifocus/92_6.jpg,92,6,5,1,2.4000000000000004,2.0,0.4,12340106.275164437,train
data/wbc_multifocus/92_7.jpg,92,7,5,2,2.8000000000000003,2.0,0.8,11020750.408096135,train
data/wbc_multifocus/92_8.jpg,92,8,5,3,3.2,2.0,1.2000000000000002,9354631.336191988,train
data/wbc_multifocus/92_9.jpg,92,9,5,4,3.6,2.0,1.6,8002061.121760454,train
data/wbc_multifocus/93_0.jpg,93,0,5,-5,0.0,2.0,-2.0,3720233.666400207,train
data/wbc_multifocus/93_1.jpg,93,1,5,-4,0.4,2.0,-1.6,5028473.438884918,train
data/wbc_multifocus/93_2.jpg,93,2,5,-3,0.8,2.0,-1.2000000000000002,8399095.18779005,train
data/wbc_multifocus/93_3.jpg,93,3,5,-2,1.2000000000000002,2.0,-0.8,11500168.86059117,train
data/wbc_multifocus/93_4.jpg,93,4,5,-1,1.6,2.0,-0.4,10577832.6125453,train
data/wbc_multifocus/93_5.jpg,93,5,5,0,2.0,2.0,0.0,11929120.631699998,train
data/wbc_multifocus/93_6.jpg,93,6,5,1,2.4000000000000004,2.0,0.4,10993154.988756517,train
data/wbc_multifocus/93_7.jpg,93,7,5,2,2.8000000000000003,2.0,0.8,9612924.671652595,train
data/wbc_multifocus/93_8.jpg,93,8,5,3,3.2,2.0,1.2000000000000002,8354988.186599094,train
data/wbc_multifocus/93_9.jpg,93,9,5,4,3.6,2.0,1.6,7073113.014998277,train
data/wbc_multifocus/94_0.jpg,94,0,6,-6,0.0,2.4000000000000004,-2.4000000000000004,4268802.366008563,train
data/wbc_multifocus/94_1.jpg,94,1,6,-5,0.4,2.4000000000000004,-2.0,4127638.8720045825,train
data/wbc_multifocus/94_2.jpg,94,2,6,-4,0.8,2.4000000000000004,-1.6,4850828.505264832,train
data/wbc_multifocus/94_3.jpg,94,3,6,-3,1.2000000000000002,2.4000000000000004,-1.2000000000000002,7866913.802533392,train
data/wbc_multifocus/94_4.jpg,94,4,6,-2,1.6,2.4000000000000004,-0.8,11118467.815593433,train
data/wbc_multifocus/94_5.jpg,94,5,6,-1,2.0,2.4000000000000004,-0.4,13114361.399070365,train
data/wbc_multifocus/94_6.jpg,94,6,6,0,2.4000000000000004,2.4000000000000004,0.0,13285231.163780384,train
data/wbc_multifocus/94_7.jpg,94,7,6,1,2.8000000000000003,2.4000000000000004,0.4,12482890.507618994,train
data/wbc_multifocus/94_8.jpg,94,8,6,2,3.2,2.4000000000000004,0.8,11337983.733249128,train
data/wbc_multifocus/94_9.jpg,94,9,6,3,3.6,2.4000000000000004,1.2000000000000002,9800615.19890079,train
data/wbc_multifocus/95_0.jpg,95,0,5,-5,0.0,2.0,-2.0,4906787.095720626,train
data/wbc_multifocus/95_1.jpg,95,1,5,-4,0.4,2.0,-1.6,4926741.564417484,train
data/wbc_multifocus/95_2.jpg,95,2,5,-3,0.8,2.0,-1.2000000000000002,7202275.338148963,train
data/wbc_multifocus/95_3.jpg,95,3,5,-2,1.2000000000000002,2.0,-0.8,10708924.713374358,train
data/wbc_multifocus/95_4.jpg,95,4,5,-1,1.6,2.0,-0.4,13364092.151454493,train
data/wbc_multifocus/95_5.jpg,95,5,5,0,2.0,2.0,0.0,14146241.788873386,train
data/wbc_multifocus/95_6.jpg,95,6,5,1,2.4000000000000004,2.0,0.4,13360425.05879781,train
data/wbc_multifocus/95_7.jpg,95,7,5,2,2.8000000000000003,2.0,0.8,11633161.441031344,train
data/wbc_multifocus/95_8.jpg,95,8,5,3,3.2,2.0,1.2000000000000002,10036342.81031179,train
data/wbc_multifocus/95_9.jpg,95,9,5,4,3.6,2.0,1.6,8145013.977535961,train
data/wbc_multifocus/96_0.jpg,96,0,5,-5,0.0,2.0,-2.0,4361515.301522199,test
data/wbc_multifocus/96_1.jpg,96,1,5,-4,0.4,2.0,-1.6,4628260.55646006,test
data/wbc_multifocus/96_2.jpg,96,2,5,-3,0.8,2.0,-1.2000000000000002,6552709.960829564,test
data/wbc_multifocus/96_3.jpg,96,3,5,-2,1.2000000000000002,2.0,-0.8,9606093.88543468,test
data/wbc_multifocus/96_4.jpg,96,4,5,-1,1.6,2.0,-0.4,12234579.17097801,test
data/wbc_multifocus/96_5.jpg,96,5,5,0,2.0,2.0,0.0,13112846.903661508,test
data/wbc_multifocus/96_6.jpg,96,6,5,1,2.4000000000000004,2.0,0.4,12615219.706981055,test
data/wbc_multifocus/96_7.jpg,96,7,5,2,2.8000000000000003,2.0,0.8,11126083.961701313,test
data/wbc_multifocus/96_8.jpg,96,8,5,3,3.2,2.0,1.2000000000000002,9669184.304940857,test
data/wbc_multifocus/96_9.jpg,96,9,5,4,3.6,2.0,1.6,8046824.113566471,test
data/wbc_multifocus/97_0.jpg,97,0,6,-6,0.0,2.4000000000000004,-2.4000000000000004,5380151.726415388,train
data/wbc_multifocus/97_1.jpg,97,1,6,-5,0.4,2.4000000000000004,-2.0,6223848.729655175,train
data/wbc_multifocus/97_2.jpg,97,2,6,-4,0.8,2.4000000000000004,-1.6,7721023.716523569,train
data/wbc_multifocus/97_3.jpg,97,3,6,-3,1.2000000000000002,2.4000000000000004,-1.2000000000000002,10817247.548435759,train
data/wbc_multifocus/97_4.jpg,97,4,6,-2,1.6,2.4000000000000004,-0.8,13636845.117152445,train
data/wbc_multifocus/97_5.jpg,97,5,6,-1,2.0,2.4000000000000004,-0.4,15865524.950009085,train
data/wbc_multifocus/97_6.jpg,97,6,6,0,2.4000000000000004,2.4000000000000004,0.0,16315587.298802916,train
data/wbc_multifocus/97_7.jpg,97,7,6,1,2.8000000000000003,2.4000000000000004,0.4,15661145.072785184,train
data/wbc_multifocus/97_8.jpg,97,8,6,2,3.2,2.4000000000000004,0.8,14063754.819877883,train
data/wbc_multifocus/97_9.jpg,97,9,6,3,3.6,2.4000000000000004,1.2000000000000002,12548317.633228803,train
data/wbc_multifocus/98_0.jpg,98,0,5,-5,0.0,2.0,-2.0,4132562.490590914,train
data/wbc_multifocus/98_1.jpg,98,1,5,-4,0.4,2.0,-1.6,5563223.097647002,train
data/wbc_multifocus/98_2.jpg,98,2,5,-3,0.8,2.0,-1.2000000000000002,8292304.178898814,train
data/wbc_multifocus/98_3.jpg,98,3,5,-2,1.2000000000000002,2.0,-0.8,11925221.431140717,train
data/wbc_multifocus/98_4.jpg,98,4,5,-1,1.6,2.0,-0.4,13852809.981184097,train
data/wbc_multifocus/98_5.jpg,98,5,5,0,2.0,2.0,0.0,14137662.41252049,train
data/wbc_multifocus/98_6.jpg,98,6,5,1,2.4000000000000004,2.0,0.4,13044351.726687178,train
data/wbc_multifocus/98_7.jpg,98,7,5,2,2.8000000000000003,2.0,0.8,11472209.344695482,train
data/wbc_multifocus/98_8.jpg,98,8,5,3,3.2,2.0,1.2000000000000002,9813677.621515192,train
data/wbc_multifocus/98_9.jpg,98,9,5,4,3.6,2.0,1.6,7966075.2015090035,train
data/wbc_multifocus/99_0.jpg,99,0,5,-5,0.0,2.0,-2.0,4481235.724736761,train
data/wbc_multifocus/99_1.jpg,99,1,5,-4,0.4,2.0,-1.6,4576627.860274289,train
data/wbc_multifocus/99_2.jpg,99,2,5,-3,0.8,2.0,-1.2000000000000002,6955074.680554299,train
data/wbc_multifocus/99_3.jpg,99,3,5,-2,1.2000000000000002,2.0,-0.8,8200086.10589577,train
data/wbc_multifocus/99_4.jpg,99,4,5,-1,1.6,2.0,-0.4,13580339.817749452,train
data/wbc_multifocus/99_5.jpg,99,5,5,0,2.0,2.0,0.0,15575775.94072226,train
data/wbc_multifocus/99_6.jpg,99,6,5,1,2.4000000000000004,2.0,0.4,15143208.83835825,train
data/wbc_multifocus/99_7.jpg,99,7,5,2,2.8000000000000003,2.0,0.8,13609518.441315588,train
data/wbc_multifocus/99_8.jpg,99,8,5,3,3.2,2.0,1.2000000000000002,11436953.344365582,train
data/wbc_multifocus/99_9.jpg,99,9,5,4,3.6,2.0,1.6,9417307.396652006,train
